Twitch Username,Last Seen In x Live Channels
turbopascai,"74,008"
tteyyd,"66,171"
twitchdetails,"65,227"
0liviajadeee,"55,005"
judgejudysiayer,"51,936"
thelurkertv,"49,506"
nothingbutgay,"43,954"
streamers_on_discord,"41,728"
0_applebadapple_0,"41,598"
agressive_sock,"40,872"
helm,"40,685"
raonidrugs,"40,474"
apricotdrupefruit,"40,396"
foregathers,"40,136"
community4smallstreamers,"37,519"
socialfriends11,"37,046"
rlvds1rirvnzu1rftq,"36,530"
avocadobadado,"35,812"
kaxips06,"35,154"
woppes,"34,669"
itsthefrits,"34,241"
midsooooooooon,"34,023"
raomonster,"33,817"
bibiethumps,"33,084"
itzemmaaaaaaa,"33,005"
alienconglomeration,"32,854"
79_69_6b_65_73,"32,835"
troisgoy,"32,502"
aliengathering,"31,799"
jd1d,"31,630"
apparentlyher,"31,125"
0ax2,"30,536"
activeenergy,"30,314"
randtarcedic1973,"30,272"
srizbi,"28,641"
bitcoinyx,"28,601"
painfullest,"28,217"
lorimilo,"27,459"
trianglegathering,"26,782"
slocool,"26,012"
shiroikiseki,"25,412"
bananennanen,"25,286"
uzdark,"24,176"
anotherttvviewer,"23,511"
letsdothis_streamers,"23,259"
vacede,"23,027"
fixloven,"22,927"
clearyourbrowserhistory,"22,804"
verynaughtywife,"22,736"
dukan_rex,"22,668"
chat_fantastic,"22,538"
stormpostor,"22,339"
ffxivstyx,"22,065"
hotgirlfromoregon,"22,039"
eatsaoe,"22,032"
uncle_spawn,"22,022"
beardedstrumerwaitingroom,"22,006"
nerdydreams,"22,002"
elbretweets,"22,002"
comettunes,"22,001"
icantcontrolit,"21,983"
brokemystreamdeck,"21,958"
m0xyys_voicecrack,"21,835"
lacyluxxx,"21,035"
nuclearpigeons,"20,155"
thealliancerules,"19,860"
stormmunity,"19,581"
streamersdiscrodserver,"19,454"
social_growth_discord,"19,395"
lurxx,"19,240"
pboj,"18,114"
lockluste,"17,736"
sillygnome225,"17,604"
kreten_,"17,580"
rogueg1rl,"17,562"
shiloh_mae,"17,483"
0_123456789,"17,346"
freaky_yolo_nr1,"17,152"
gametrendanalytics,"17,116"
haliw_,"17,060"
sneakyado,"16,946"
dankingaround,"16,544"
saddestkitty,"16,224"
amycandyland,"16,007"
dmca_bot1,"15,991"
rubberslayer,"15,895"
1sophiaaaaaa,"15,735"
commanderroot,"15,505"
erika_fnbr,"15,496"
not47y,"15,162"
hotlocalmom,"14,918"
buralot,"14,892"
roastedify,"14,889"
naughtywifenextdoor,"14,870"
social_twitch_discord,"14,774"
sweethali,"14,598"
59494b4553,"14,553"
jessswank,"14,363"
electricallongboard,"14,298"
kingstayx,"14,248"
energys0ul,"14,168"
verynaughtywifenextdoor,"14,015"
letmeplay,"13,963"
mrreflector,"13,866"
la_kaylee,"13,754"
lanarayyyy,"13,746"
violets_tv,"13,672"
welovemarbles,"13,453"
inoarc,"13,442"
adriana_1996,"13,403"
wazza,"13,372"
21wolv,"13,270"
socialblade,"13,192"
dcserverforsmallstreamers,"13,172"
gza_,"13,144"
fragilitys,"12,586"
xxdemonkitty,"12,286"
bostonbully32,"12,281"
streamersnetworkunited,"12,227"
0_aliana,"12,018"
thiccur,"11,964"
20_5_25_4,"11,882"
runningatest,"11,317"
notyosefsa7,"11,214"
discord_for_streamers,"11,176"
twitch_growth_discord,"11,011"
danielles_stepbro,"10,969"
lady_bath_horey,"10,851"
getaffiliated_now,"10,847"
wombatcombatprime,"10,821"
4chan,"10,813"
dmca_administrator,"10,788"
24_hour_music,"10,736"
eloooooooooooooooooonmusk,"10,727"
cachebear,"10,711"
elysian,"10,370"
hit_me_babe,"10,304"
attainee,"10,286"
babasababapog,"10,263"
adamamepog24,"10,262"
round_track_car,"10,260"
countupby1,"10,233"
discord_for_ttv,"10,204"
ildelara,"10,201"
mr,"10,186"
lillyredwolf,"9,966"
melina_celina,"9,850"
sad_grl,"9,718"
aten,"9,643"
0qzrv53byh0kghidjd5ixbsw5,"9,565"
ladybugx3,"9,412"
abdulwelcome,"9,386"
kekwkaka4040,"9,359"
discord4smallstreamers,"9,291"
vierneunundneunzig,"9,271"
sfdfhdhdh45,"9,215"
astalkingbot,"9,133"
g0kuu,"9,098"
maybeilookoutofhiswindow,"9,082"
carbob14xyz,"8,907"
streamersdiscordcommunity,"8,868"
carbot14xyz,"8,861"
mshali,"8,832"
arvbot,"8,826"
twitchgrowthdiscord,"8,795"
streamers_area,"8,669"
carbon14xyz,"8,418"
firstkiiler,"8,359"
friend_request_me,"8,282"
prefolas,"8,082"
donel,"8,067"
angeloflight,"8,048"
srizbot,"7,924"
mwmwmwmwmwmwmwmmwmwmwmwmw,"7,836"
didntknowstepbrowassobig,"7,792"
esrvrse,"7,777"
feet,"7,769"
teyd__,"7,767"
jddank,"7,701"
energyzbot,"7,682"
2020,"7,648"
dirth,"7,538"
yosef_the_spammer,"7,434"
melonelol,"7,405"
blee,"7,266"
games_virtual,"7,234"
the_piligrim,"7,104"
vye_brators,"7,102"
astrolabia,"7,090"
l33tstudio,"7,084"
stepbrotherhelpmeimstuck,"7,079"
shewillneverfindoutdaddy,"7,015"
googarin,"6,836"
dorito_powder,"6,813"
exxxbot,"6,787"
blup,"6,736"
39847598327459834,"6,670"
quantumd,"6,660"
0x626f74,"6,620"
rekmux,"6,603"
reach_affiliate,"6,561"
cogwhistle,"6,538"
blauesmonsterdara,"6,530"
sensual_jess,"6,442"
betaviews,"6,423"
needhymn,"6,390"
aiexiaxo,"6,368"
sophieee_cosplay,"6,327"
network_kings,"6,327"
wreckinggod,"6,310"
thecalvo2,"6,304"
mwmwmwmwmwmwmwwmwmwmmwmwm,"6,278"
feelsduckman,"6,243"
cubtree,"6,223"
tsunpop,"6,072"
chronophylos,"6,035"
0cc3,"6,010"
naughtygirlnextdoor,"5,982"
cutehealgirl,"5,970"
jodja1337,"5,963"
yosefsa7,"5,959"
k1ng_deadly,"5,930"
arrhythmia,"5,880"
alfredjudokus817,"5,844"
adversarial,"5,823"
decafsmurf,"5,742"
thursly,"5,716"
scomttv,"5,555"
brokenchairmedia,"5,549"
f4fl4lchannel,"5,548"
voyager,"5,505"
princess_league,"5,401"
cyclemotion,"5,373"
guerilla_hoarfare,"5,373"
1nittogether,"5,372"
dmca_bot5,"5,344"
seiiaaa,"5,332"
stixffxiv,"5,262"
viewer_of_irl,"5,255"
frw33ds_kitten,"5,253"
wafflebudder,"5,251"
stygian_styx,"5,248"
warsofthetrekgatestar,"5,246"
hades_osiris,"5,243"
underworldnaiad,"5,241"
milcheinverleiber,"5,236"
blkheroeseverywhere,"5,229"
servres,"5,165"
000000000000000002_hate,"5,102"
000000000000000001_i,"5,102"
000000000000000003_blacks,"5,102"
dirty_giri,"5,089"
rudeduckly,"5,040"
philderbeast,"5,006"
hugh_jassoi,"4,983"
metaforick,"4,958"
8_____________________,"4,871"
spiketrapclair,"4,869"
yekunidem,"4,831"
yamickle,"4,814"
cleaning_the_house,"4,808"
111paula_xoxox,"4,752"
re1yk,"4,734"
growyourchannelfree,"4,637"
flosay2,"4,590"
giabc,"4,573"
jilae,"4,571"
mindoflurk,"4,556"
rietty,"4,552"
hapye,"4,545"
galqt,"4,534"
buvit,"4,514"
eveab,"4,504"
hanavg,"4,504"
actuallyjustflix,"4,476"
ivyaf,"4,469"
eqluv,"4,462"
demimad,"4,440"
theraalknoosi,"4,437"
checkiumbot,"4,432"
doofx,"4,400"
janenv,"4,397"
fastdeb,"4,388"
winsock,"4,386"
meverywhere,"4,359"
democracyatwork,"4,353"
hermitinhobundapeido,"4,352"
abeut,"4,336"
animozi,"4,303"
xatang,"4,286"
stranqeofficial_1337x,"4,213"
cronixztv,"4,200"
bairy_halls69,"4,156"
simon36,"4,120"
informationssicherheit,"4,115"
abjuui,"4,113"
ehleon_,"4,083"
wongwongkong,"4,057"
defb,"4,010"
justy_rl,"3,983"
nsa_66,"3,978"
akaindependentvariable,"3,974"
standardgandalff,"3,963"
cqart,"3,953"
fashionable_camille,"3,945"
curvaceous_natalia,"3,937"
lurking_miku,"3,932"
anglefir,"3,901"
catcold,"3,891"
umtopfen,"3,867"
blgdamjudge,"3,837"
thefegirl,"3,829"
georgewaddy,"3,812"
crazydq,"3,811"
crazyw_,"3,785"
fondc,"3,770"
crazycynica1,"3,743"
amphetamine_js,"3,694"
crazy__________________,"3,683"
crazywe,"3,672"
crazynz,"3,662"
crazyoj,"3,658"
lisadraws_tv,"3,651"
sophiesadness,"3,651"
simonedeboudoir,"3,633"
sarahthedinosaur_x3,"3,632"
kkxbot,"3,632"
crazyzd,"3,627"
crazyek,"3,609"
crazyeq,"3,597"
mslenity,"3,593"
dankrit,"3,587"
avasemaphore,"3,571"
crazyv_,"3,561"
thefyzu,"3,553"
flatearthchannel,"3,543"
crazyut,"3,533"
crazyob,"3,515"
crazyiu,"3,515"
metaviews,"3,515"
crazy_______________,"3,509"
crazyqt,"3,502"
lewdedlisa,"3,494"
crazyu_,"3,493"
crazyic2,"3,430"
crazyoq,"3,380"
clownhandler,"3,369"
rektgamer,"3,358"
allroadsleadtothefarm,"3,336"
alxiosbot,"3,334"
artyrus2,"3,321"
vanisheya,"3,313"
einfachuwe42,"3,286"
ehrenmango,"3,279"
wetgrannies,"3,277"
soundalerts,"3,248"
sxphie_x3,"3,247"
kestalkayden,"3,239"
n0tahacker_,"3,223"
justlisa_x3,"3,198"
candyest,"3,185"
s4tont,"3,169"
d4rk_5ky,"3,122"
inaqt,"3,048"
letsdothis_hostraffle,"3,020"
briankrebs,"3,011"
stankubrick,"2,994"
princesssxphie,"2,992"
streamersareadc,"2,974"
tehfl0w,"2,948"
academyimpossible,"2,938"
attentionseekr,"2,899"
mediocrevalue,"2,899"
500kilo,"2,891"
artjomv2,"2,887"
cosmicbeefmonster,"2,883"
k3jru,"2,855"
idle_bot_farmer,"2,849"
lisaloveslewds,"2,817"
electricalskateboard,"2,816"
stygian_network,"2,802"
negationszeichen,"2,794"
0003ocin,"2,784"
aeee_capivara,"2,771"
farminggurl,"2,769"
lewdlisa_x3,"2,723"
mydealz,"2,702"
ghrly,"2,694"
4aeka,"2,692"
549239487,"2,646"
x00000000000000000000000x,"2,641"
squishiibutt,"2,634"
venjuu,"2,631"
mrxp3r7,"2,626"
maleenlargementpills,"2,625"
vajanx,"2,617"
opentwitchbot,"2,546"
dontpulloutdaddy,"2,545"
d__u__c__k__e__r__z,"2,536"
dudutopaz1,"2,517"
bouchra_lina,"2,514"
mthiebot,"2,512"
fanytic,"2,511"
1a_twitch_emoticons_show_,"2,505"
asstrolabia,"2,503"
bongbar,"2,502"
msarianamarie,"2,485"
streamerbans,"2,467"
aviinl,"2,452"
letsdothis_music,"2,451"
rimastino,"2,444"
cassidyeve,"2,438"
tizcloud,"2,438"
kreten,"2,406"
000000000000000000000000s,"2,402"
byflp,"2,402"
wouldlot,"2,388"
virgoproz,"2,374"
wilbo007,"2,363"
v_and_k,"2,363"
watashiwaene,"2,352"
manoliattv,"2,346"
jjjkaffe2_anuswolf,"2,343"
undiecraft,"2,343"
xokocodo,"2,340"
checkium,"2,338"
vencux,"2,315"
megaxa,"2,305"
kati3streams,"2,297"
duckphy,"2,280"
streamixbot,"2,270"
dyniak__,"2,261"
afk_as_usual,"2,241"
command_and_control,"2,237"
seelosc,"2,233"
lurthis,"2,232"
disc0rdforstreamers,"2,220"
tawmtawmz,"2,210"
mikeaveli,"2,197"
lisalikestodraw,"2,196"
streamers_community,"2,196"
lisaaaa_tv,"2,173"
nationalizations,"2,170"
internetxprincess,"2,167"
mindzonerl,"2,165"
angelachan,"2,160"
420bot1337,"2,151"
lisa_the_goat,"2,148"
itsfolf,"2,138"
celinecookiequeen,"2,134"
klub3r,"2,133"
renny_s,"2,117"
usb_keyboard_unplugged,"2,117"
squeamishguitar96,"2,099"
annamxria_06,"2,092"
queensophie_x3,"2,085"
coobiebot,"2,070"
cooldancingduck,"2,042"
livesplat,"2,041"
queenlisatheloli,"2,007"
druperchy,"1,994"
h0ssoo312,"1,984"
lm_dumb,"1,984"
h0sso0312,"1,982"
basiclybeau,"1,978"
alonmizrhai,"1,976"
ronenharazi,"1,976"
archaists,"1,965"
hosso0312,"1,963"
lars_99,"1,959"
klutziness,"1,942"
hoss00312_is_real,"1,942"
coubzilla,"1,940"
hossoo312,"1,940"
hoss00312______________,"1,938"
hoss00312_rriggers,"1,936"
itzikkorenfine,"1,933"
hoss00312__,"1,931"
h0ss00312,"1,930"
hoss00312_____,"1,907"
usadapekora_holoiive,"1,906"
hoss0031,"1,904"
pbii,"1,903"
zipishavit,"1,900"
shlomosharf,"1,899"
gidigovman,"1,897"
apothegms,"1,895"
princeesslilly,"1,894"
hoss0o312,"1,883"
hoss00312_was_here,"1,883"
arikeinstein1,"1,879"
rivkamichaeli1,"1,874"
streamelements,"1,873"
phantom_309,"1,872"
asidayan,"1,869"
outside_working,"1,868"
hoss0312,"1,865"
quentinterentino,"1,858"
droopdoggg,"1,853"
music_and_arts,"1,843"
zeevrevach,"1,841"
orsonw,"1,841"
stanching,"1,839"
lurkingchat,"1,833"
lure_lady,"1,831"
sophielikestosucc,"1,821"
chloescookieworld,"1,809"
swedenborgs,"1,805"
workflows,"1,802"
unfrocking,"1,802"
testpleasedontban,"1,801"
lea_peachyy,"1,800"
accentures,"1,798"
hamsuns,"1,782"
splinting,"1,782"
hoss00312_,"1,782"
grayslakes,"1,779"
zoophytes,"1,778"
outside_gardening,"1,777"
losviken,"1,776"
pulaskis,"1,774"
splayfeet,"1,773"
topcoats,"1,773"
millenlol,"1,772"
yuppifying,"1,765"
spectre_807,"1,764"
makimfh,"1,764"
ibadans,"1,764"
ortholexy,"1,763"
akhmatovas,"1,761"
properest,"1,760"
surceases,"1,759"
resettles,"1,758"
sobbingly,"1,754"
1_dev,"1,753"
surfeiting,"1,753"
pyotrs,"1,752"
ilsus_vr,"1,750"
cliko,"1,750"
kazakhstans,"1,750"
organists,"1,744"
algonquians,"1,743"
kawaiisxphie,"1,740"
hickoks,"1,739"
snivelers,"1,736"
towropes,"1,728"
araucanians,"1,722"
mismanagedmolotov,"1,720"
achebes,"1,717"
dressiness,"1,715"
enamelings,"1,715"
tsors,"1,713"
leshracftw,"1,712"
tinseltowns,"1,707"
britannias,"1,704"
lisatheloli,"1,702"
streamflare,"1,702"
springdales,"1,697"
69feets,"1,695"
cherrydipper,"1,694"
pretrials,"1,692"
blueberrydogs_nakanishi_,"1,691"
cooxiecruncher,"1,689"
barbadians,"1,689"
hype_survey,"1,688"
chrisoofy,"1,684"
cragginess,"1,684"
bonnevilles,"1,683"
janesvilles,"1,679"
dyslectics,"1,678"
bloodinesss,"1,677"
stickypigs,"1,676"
tsongkhapas,"1,672"
mycologists,"1,670"
chirpiness,"1,663"
albigensian,"1,662"
jogjakartas,"1,661"
rohkess,"1,657"
efficacys,"1,654"
mystic_bolly,"1,654"
quoooo,"1,653"
lanfusion,"1,652"
axaruz,"1,647"
ecotourism,"1,643"
micky5991,"1,642"
helmholtzs,"1,642"
lenaaa_x33,"1,641"
earthwards,"1,641"
foobra,"1,640"
upanishadss,"1,640"
junketeers,"1,634"
7tvapp,"1,631"
0_o_o_o_o_o_o_o_o_o_o_o_0,"1,630"
y5or,"1,630"
blotchs,"1,629"
mistrusts,"1,628"
the_music_lover,"1,627"
repositorys,"1,627"
federrrs,"1,625"
roadchecker,"1,625"
changelessly,"1,623"
surcingles,"1,622"
pekingeses,"1,617"
lisa_streams_x3,"1,614"
chat_rate,"1,613"
dieparteihatimmerrecht,"1,606"
martinscorces,"1,602"
gilaalmagor,"1,598"
furrings,"1,593"
b0tau,"1,590"
hofstadters,"1,590"
pismires,"1,586"
dressages,"1,586"
forenoons,"1,584"
coevally,"1,583"
krause70,"1,582"
losjaraswines,"1,580"
goldswimming,"1,579"
dartfidget,"1,576"
krik_naturala,"1,573"
maybesimon,"1,570"
chipewyans,"1,562"
aluto44,"1,561"
saralna,"1,557"
digpear,"1,555"
trunkdunk,"1,554"
leashstrom,"1,551"
dj_fanboy,"1,548"
trioperds,"1,546"
shanuala,"1,546"
kittenrescue,"1,541"
kattynah,"1,541"
misapplying,"1,540"
arianamariexxx,"1,538"
mr_roehrig,"1,537"
immallytwitch,"1,537"
edellyna,"1,537"
ditsabit,"1,534"
noondays,"1,531"
superposes,"1,524"
kati3kat_tv,"1,523"
shypuf,"1,520"
binkelderghattwitchban,"1,518"
therandomcoder,"1,518"
larakraf,"1,517"
xhylane,"1,516"
pikapowerful,"1,515"
ninatela,"1,515"
htmls,"1,514"
cyndyka,"1,514"
roxesy,"1,512"
tinarif,"1,511"
jhodymoon,"1,511"
lylituf,"1,509"
natzelly,"1,499"
0niva,"1,499"
kingnosebleed,"1,496"
orthoduk,"1,496"
supervate,"1,495"
maddynsun,"1,495"
audycia,"1,492"
delotx,"1,491"
dynaterra,"1,490"
dhawnny,"1,486"
hackneying,"1,485"
gahtsai,"1,483"
dinoevol,"1,482"
ricardogl,"1,481"
playacted,"1,480"
lorypub,"1,480"
lisaatv_,"1,479"
grubbiness,"1,479"
princesscatpaw,"1,472"
business_daddy,"1,466"
tonyxzero,"1,453"
garottes,"1,450"
sophikal,"1,447"
a_long_vehicle,"1,439"
anele_hyperclap,"1,435"
kellykawaii_x3,"1,430"
brokenracedirector,"1,430"
alltow,"1,424"
foraying,"1,420"
lisalikesdrawing_tv,"1,417"
1adoener,"1,416"
totallynottye,"1,413"
waptart,"1,413"
nineunni_logger,"1,397"
tenac23,"1,394"
criticalxhouse,"1,385"
bethalda,"1,382"
santaclausgift,"1,381"
mathildaktomo68,"1,379"
lemonjuices12,"1,376"
alexsaurora27,"1,372"
kawaiisophie_x3,"1,371"
venqj,"1,368"
inrideo,"1,368"
sefirivlin,"1,362"
anytow,"1,358"
makerplier,"1,358"
hundekoeter_xxl,"1,356"
aboutw,"1,352"
segadream,"1,348"
applepiechart,"1,347"
000000000000follow4follow,"1,345"
trewdalbert,"1,344"
peachyy_x3,"1,343"
sixflagsmagicmountain,"1,343"
agilet,"1,343"
aservicestop,"1,341"
tuscons,"1,336"
soicluberville,"1,335"
robo_nano,"1,329"
melomushi,"1,329"
mogulmail,"1,328"
thy4,"1,327"
ftopayr,"1,324"
sonyplaystations,"1,321"
maximusrp,"1,319"
telemanns,"1,318"
actionshin,"1,318"
bossundee,"1,315"
toileted,"1,314"
dicksoncrouth,"1,312"
nintendoswitchxl,"1,308"
ifyoureadthisyosefsawon,"1,307"
gowithhim,"1,302"
stevenspielber,"1,300"
notamrbeastcontest,"1,300"
adeptw,"1,299"
theapplication,"1,294"
abbottcostello,"1,288"
extramoar,"1,285"
graphmau,"1,283"
icewizerds,"1,276"
gloftbot,"1,273"
jointeffortt,"1,269"
linusberg,"1,266"
casinothanks,"1,265"
own3d,"1,264"
230654310,"1,264"
gzipped,"1,263"
freddyybot,"1,262"
catogami_bot,"1,257"
federicofeliny,"1,256"
bingcortana,"1,255"
redtailfoxxyy,"1,253"
drast,"1,248"
havethis2,"1,231"
frw33d,"1,228"
rayukii_gaming,"1,222"
jnkchris,"1,218"
lordmau5,"1,211"
fanglibot,"1,209"
irregularjinny,"1,206"
jugachi,"1,201"
dqfan1,"1,201"
robertjan,"1,201"
residentspeedy,"1,197"
pizzalieferant,"1,191"
korkth,"1,183"
nightbot,"1,174"
celine_queen,"1,170"
ogqp,"1,169"
value241,"1,169"
exoticgent,"1,164"
curvenon,"1,160"
stepbrohelpimstuck,"1,160"
captinconman,"1,160"
isnicable,"1,156"
tacklingbot,"1,150"
professionalducks,"1,147"
pingutio,"1,142"
cptapples,"1,141"
tr0n_ttv,"1,140"
wauro_,"1,138"
abouar,"1,135"
ehudbarak,"1,135"
sophiesnowy,"1,125"
veremund,"1,118"
air_one29,"1,108"
blackieplaysgames,"1,108"
robynhoods,"1,106"
thefirstdemon,"1,104"
teamhuahwi,"1,103"
antoni_jastrzab,"1,101"
8rose,"1,098"
ra1denz,"1,098"
grotemeloenen,"1,080"
one69_,"1,078"
just_in_chat,"1,074"
ronyrozental,"1,072"
imagnystar,"1,069"
microlera,"1,065"
yowzar,"1,064"
llllllloyde_,"1,055"
horsecow12,"1,055"
whalepig1,"1,050"
swiftyspiffy,"1,048"
duckgoosovitz,"1,046"
bearfish1,"1,046"
ooo_star_ooo,"1,045"
birdant1,"1,037"
benjaminenetaniahu,"1,034"
redcasio,"1,033"
eyalberkovitz,"1,030"
reuvenatar,"1,027"
thedjjonney,"1,025"
bunnyrabbithole1,"1,024"
moobot,"1,015"
coolguy_,"1,011"
logiafruit,"1,006"
pokilmane,"1,006"
host_giveaway,"1,005"
newolk69,"1,004"
diapered,"1,003"
neganplease,990
datguy1,986
pekosec,984
twitcherdoodler,983
murasakibot,981
teyd_ist_back,980
lowtik,980
feuerwehr,978
doubleslappy,976
longevitys,975
rexultramx,975
antrat,973
upturns,973
konkky,967
toddled,966
alfredhitchco,966
eyelashs,965
dreamhackcsgo_rur,962
redcasco_,962
fleecier,960
wringers,960
glamors,958
yoctobot1,957
repined,956
rummest,950
proskygamerch,947
gummiest,947
billiewilder,947
nosebleedgg,946
8_____________________0,946
recoups,945
divests,944
nobilitys,943
d4rk_5how,943
letups,942
flitted,942
bugled,941
huskiness,941
bear_wit_me,937
treepelt,936
quirinals,936
keynoting,934
nighest,933
doubleslitxxxperiment,931
connoted,930
biassing,930
attractants,930
youdiscover,929
mulchs,928
pietys,925
utwitchbot,923
artworks4free,918
typecasting,918
bonemoss,917
buglers,917
247natural,915
botwildboar,914
rebutting,914
yachtsmans,914
humidifies,912
zanbou,912
smirchs,911
lookysik,910
looneyies,910
kettleroads,909
sharlota_,908
eyeresponse,908
taxying,908
drlucylove,906
llynfibased,905
hladenzbot,905
anointments,905
idiocys,904
banmonitor,902
sparsest,902
usabilitys,902
cquoileserv,901
1fps,900
saunaed,900
sociologys,900
sotshi_,899
sincerelybrittany,898
perorations,898
lucnardo,898
ravishers,894
fearms1,893
sorrinesss,892
roaden,891
debymore,890
potherbs,889
0x4c554b49,887
panhandier,886
laf21,885
speechifies,884
ratifiers,880
nonfoods,877
womenfolks,877
morgausseme,872
josefsknigge,872
chaimrevivo,872
mthietv,871
transferals,871
m_a_z_y,870
skiptok,867
smartnesss,865
emotexbot,864
grifordia,863
softka_,863
bimonthlies,861
flosay,860
nict00,860
dispraises,859
pushovers,859
theproyavi,858
toxic_cat,857
hladenz,855
obsequys,854
supa8,853
tiiimchi,851
1111azazazel1111,849
sovara89,848
tresinno,847
looking4gamers,847
gomar77,846
jacklooney,845
braggarts,845
offhandedly,844
rizzoo_,842
workhouses,842
hoss00320,842
vestrymans,840
0nlyfans_girl,840
ergolta,839
unsteadiest,837
zanekyber,835
bobsledded,835
kritik275,833
joeheadshot,831
hoss00314,829
denismasterherobrine,827
jonny9527,826
plplpldisco,824
inventkin,823
flamelava11,821
p1memie,820
zoro491,816
zygzak_mcqueen_,816
theeyeofhorus_,811
kekheim,811
vulkanfuz,810
jemma_johnsen,809
stripfang,808
screamfarm,804
seonghobae,791
yeezyjesuspeezus,788
kfcbucketbot,782
6feetover,781
crunchipchip,777
prankcher,777
risa_omari,775
lisadrawsyourdick,772
encryptedlurk,772
inconspicuousyow,771
gromist94,768
ruinexiv,764
nicocchi_1,760
epigraphys,759
harruuu1,758
breezerbot,758
liquigels,757
thedevilisob,757
creatisbot,757
explosiv_live,756
bristlerich,753
abaaaaaaaaaaaaaaaa,747
happyviet,745
hoss00321,743
nimmy0,739
liquidpve,738
77_nikonou,737
morgenshtern2228,737
divarion,735
merssene557,734
miniturtlee,729
redsoxrbest,727
hotgirlfromcali,725
hoss00322,725
storecina,722
derpierre65,721
doge_xxxx,718
sledge933,717
snii,715
flosay3,713
ryothscus,712
konopovich,711
ppechenko,710
pubg_customs,703
qwert0p,703
botfactory,702
a2065727,700
thatguybrayd,699
av4nty,699
jazzz_z,689
bouaf,683
edqt,679
diego_anom,679
patiencee_,676
bequiet_,676
commanderrooted,675
korkronth,673
pellege,668
teslaman92,663
llorx,660
i_vvv_ananasik_vvv_i,659
peculiarasmr,659
maximilian1395,658
domestos2201_,655
doll_house_surprise,654
paldouble,650
jamofdestiny,650
ujascurl,649
mr_guyplay,646
nizkif,646
dibos,646
subcentraldotnet,643
betoahm13,642
vuyyoltas,641
magi_system,641
shershavyyy,641
lemasters23,639
yitzhakrabin3,638
fangli_ow,637
warths,637
gweekgangx,636
33kk,633
sbudnik1,632
shimeonperes,632
robootsos,631
missma,630
gamingcenter111,629
luchocarlinbot,629
hoss00323,628
skumshop,624
davidbengurion1,624
mou_cyxapuk,619
hoss00311,617
fluttyhk,614
livius99,611
twitchnetworkdiscord,611
mizu_discord222,611
hubi2910,609
giventtv,606
mizu_discord3,605
mizu_discord1,603
beachmitp,602
makingbot,600
hoss00315,600
menachembegin1,599
levieshkol,599
mizu_discord2,599
huayeasa,598
goldameir1,597
esistnureintest,596
belsork,596
smallsteramersdcserver,596
moshesharet,596
chillfireplaceasmr,596
heiki_rolf,594
mizu_discord4,594
ragnar_oock,593
renezion,591
forfeitures,591
crazybumpered,590
temka_magic,589
rhst_,588
caparisoned,587
mmatze,584
yitzhakshamir,584
staterbot,583
yojandri,582
komokkostei,579
leoguy77,576
smallstreamersdcserver,576
fatpawz,574
flusenwaffen,571
poklimane,570
boscorpoi,569
qwert0p_,565
hoss00310,565
epicwall,562
dwilliams,554
dmr__tv,554
empressiona,553
madbowlik,552
babofraser,551
wolfconfident,548
ezt1ger,547
bilikirs,547
yeburik,546
dustydawdler,546
joelgreenwood35,546
kerslamutant,544
shunfoxy,544
gaussianzero,542
tackling,542
floboytwi,541
sxnd_keeper,539
titlechange_bot,536
shadowy_stix,536
sashimisim,535
skinnyseahorse,530
brennan1,530
s1faka,530
valetofclubs,526
vic7411,525
levitte,524
white0307,524
jj_express,520
stas_550,520
007_bad_girl,519
shine_discord20,517
ry0m43ch1z3n,515
brucew__,514
themilohighclub,511
pekorat_2nd,511
0tothepowerof0,511
iautohost,510
merkworst,509
thewritinger,508
ety37459,507
hostmeraffle,506
furbyko,506
tv_d4rk_5how,506
un_viri,505
omegajeppe,504
shine_discord15,503
shine_discord8,502
bananacracking,501
leneger1337,499
chesterfeed_,499
bosis678,497
manuelkrieger,496
queenlisa666,495
z_rona,495
mrlube_,494
deciderss5,494
1coccolone,494
apleithtv,493
agantor,493
rowario,492
major_b_jones,490
jobi_essen,489
xnoury,489
yomega__,489
kuguart,487
icemadquad,486
jochenrindt,485
einleo,485
osccraig_123,484
freedomcorebot,483
shine_discord6,483
imricardoramos,479
clippyassistant,475
dunasbh,475
tjsbot,474
verotekbot,474
jean__,472
silent_knight_34,472
shine_discord18,471
colgur8843,468
muscet55,468
haytek,468
jebibot,468
dethebot,467
scamazinnit,465
shine_discord4,464
expressways,463
yaikoowe,461
sasachekop,461
s4ndik,461
taichi22141020,460
sparler,460
underaft,459
zloycitrus,457
anarchyoss,457
ramsayow,456
d1sc0rdforsmallstreamers,454
yuue_,453
gddr5,452
shine_discord21,452
zeeqfx,451
then1ter,446
afalosmeskata,445
mikazukidota,444
sierrapresents,442
arxic120325,441
on_the_edge,439
bluescreen_17,438
crystalmenance,436
another_swedish_bot,436
jongfer,435
teamaca,433
notabot__,431
twitchlitebot,430
vandak,430
shine_discord22,429
modesttim,427
wh20,426
areswar2099,425
ddatapb15,424
freast,422
thisisclickbait,422
theswingpin,420
jdlb,416
dmrontv,416
animenator,413
ktulhu___,413
smoklm,413
shine_discord14,412
abraka66,411
ami_go_,411
nymnwhy,410
jobu91,409
shine_discord17,409
davifx,408
logviewer,407
sixset,406
pacopepeconstructor,405
deriding,404
lisaprincess_x3,402
shine_discord9,402
randomtwitchstats,401
entryphones,401
lurkiefox,400
yowbot,399
heavyprojectbot,399
shine_discord1,399
kromus22,397
lg3a,397
streamlabs,395
cesoun,395
shine_discord5,395
yete,394
npas76,393
shine_discord16,393
nej0ke,392
public_experiment,392
borlakin,391
wl02398440,391
meigo99,391
hossblock,389
lionice__,388
scaredlurker,388
isaiahcreatibot,387
shrivelling,385
shadown102,384
centenarys,384
shine_discord2,383
chrisgriswold,382
shine_discord3,381
shine_discord13,379
alphalytics,378
omegamk19,378
heapunderflow,377
royalestreamersbot,377
alwaysnews,377
tepogi3167,377
teotheparty,376
monicalone,375
twilightxor,374
0_bromin_0,373
dethebug,372
tarnishs,372
cloistering,372
yubother,371
grizchatbot,370
hentyechan,370
coauthoring,370
stay_hydrated_bot,369
lagerthabot,368
another_swedish_streamer,365
transformative,365
shine_discord11,365
luca1633,362
justscareme,362
delteerdatap15,362
bigmamba063,361
miss_live,360
helenerockz,360
kruegizockt,360
xxdarcksolxx,360
rvitelli,359
norberdo,359
vlarrrdy,357
nammannammannamman,356
youblicitybot,356
warnymin,356
shine_discord12,356
fofbminusfofa,356
mardekayglory,353
istartriots,352
sse_,350
galgoya,349
swarry_stream,347
testerboixd,346
tobi14601,346
wellwin,346
tackingalias,346
shine_discord19,346
derbetatester,344
aincrad_x3,343
fxkrybot,342
schwabbabu,340
unixchat,340
horstchamp,340
mariotiss,337
uehebot,336
twitchprimereminder,336
hallowokirschsaft,334
minecool_yt,333
fleetbattle,332
nessez,332
handsup_sir,332
meechypeachy,331
zalonecrowz,331
natulalmatduo713,331
wuschige_wilma,330
forsendiscosnake420,330
blitchpyke,329
emersix,329
shine_discord7,329
jdgoodman234,328
lfgfusion,327
interfect0r,326
einfachnichtuwe42,326
bucksumlimb,325
uor_ds_research,325
bandi_k,323
camilopulitano,323
senadani,323
llorx_falso,322
treywaytv,322
druiefiery,322
conesericite,322
jiffyonyx,322
nightcapz,321
muffinsgield,320
shenjax,319
nelsondock,319
fasterchatter,319
just_sorrow,316
charlitoti,315
commanderrootdad,315
lucrejohn,315
ribotsize,315
tania__ainat,315
dsco,314
chappie_n,313
kristinalina,313
20_free_viewers,313
hosteled,313
saratoti,312
gingerne,312
vrodah,311
nerl,311
homeplatedibidal,311
shine_discord10,311
br27uno,310
abricotfesse,310
pawlina93,310
misunderstoodcanadianeh,309
yufukas01,309
onuurseneel,308
protiv_vseh,307
itsvodoo,307
flaskcopy,307
relishdrove,307
sevigor,306
youtotallyhaveahardon,306
s86twjzwsecurityp1sk,304
gingeryoval,304
sierrobot,304
a1bear,304
rafflevantri,304
isaacdeplar,304
threebibl,304
talkingrobble,304
8gerard,304
twitchdatamining,303
utensilzinc,303
linervolatile,302
woubot,301
warpmemories,301
loli_hokage_,301
jeffecorga,301
aluto45,301
muybienlul,300
frimpy98_on_twitch,300
ramesesniblick3rd,300
baby_bot_,300
marcosorete,300
sawyerlead,300
sultriest,300
mrdestructbot,300
merrark999,299
lecturerreflux,299
asinasta,298
vapedino,298
bdo_guru,297
twitchunderdogs,296
kishintern,295
cristianepre,295
wu__,294
thatsmymusicjam,294
wizebot,292
mommygnomie,292
hairyfish2u,292
sopalidiseend,292
oddcoolcat,291
patranovisinka,291
opa_arafat_abou_chaker,290
ajistwitching,287
pudoan,286
zigulisegra,286
ddatapc13,286
challacc,286
ampersandricky,286
apporto,285
itz_sam09,285
ddd0006t,285
evinka,285
jeanrnestu,285
lysbethemed,285
kannami_yuichi,284
vicarchurger,284
ivash,283
foursilk,283
lukanard,283
hey_is_it_in_yet,282
0x90designs,281
bradleyym,281
koninazz,281
sicrone,281
royalestreamers,280
herr_huebenbecker,280
eulersobject,279
teresedirty,278
locksaturnfargorat,278
kingdombot329,277
world_origin,276
gundula69gause,275
gwanho25,274
sooknova23,273
adenillect,273
progamerkimg,270
jener_uhrmacher,270
bockwurstblinkermitsenf,269
asgubot,268
cr1tbot,268
xerxis42,268
peachesthepirate,267
ardist,267
tittered,267
wn_sin_honor,266
kitaezz_,266
youblicity,265
hoss00812,264
lisathelewdest,263
teulao,263
zxcv70530,263
33kk_bot,263
humptata0815,263
wofflestoffle,263
empressnaila,263
poopminty,262
toomucherry,262
rawiro16057,262
chaoticaunit,261
autocoach,261
addison17388,261
dailydayna,261
nomooa,261
enoootuuuk,260
auroralgames,260
snowdaylol,259
nekoscorner,258
sycowdc,258
lennin123092,257
leomansel,256
littlesummerrose,255
allison_kjell,255
gnomiethesuprememistress,254
ustatsbot_ekb,254
paulwildboar,253
kypdy,253
1174,253
carrios,252
ndaniei,252
checkmyprofilee,250
tom69,250
slimshadushka,250
egrorbs,250
strangebing,250
planetendreher,249
otohost,247
soju3v3,247
atomspalte,247
fatmanleg,246
sore1990,246
palpenta,246
jipbot,245
thelurxxer,245
liphitc,245
vaidather,244
10predatop01,240
tntboythe3,240
apurifoy,240
missionleaf,240
streamlabs_stage,240
kojaeng2,239
latotv,239
sukoe2,239
herrausragend,238
aicahuete,238
hemirt,237
percysot,237
fsacoo,237
xlucckys,236
ily1989,236
psycho_fussel,236
cartierlogic,236
chateye,235
bigblackneck,235
ghkd0721,235
hostlurxx,235
hooteeee,234
droelf_zehn,234
limoh__,234
tanonjaeng,234
streamer_page_discord,234
elendanop,233
reifendreher,233
virys118,233
thecommandergroot,233
bromin_8_800_easy,232
enclaveeyebot,231
twitchbot_tdlc,231
lisascandyworld,231
eveneo,231
thatclimberfred,230
astrahin,230
ne_kovrik,230
xsymentall,230
streamer_page,230
kappapolizei,229
ltwitchbot,229
serggys,229
nicholsstand,229
cubeit,229
xmocadas,228
flip_stiva,228
minkobinko,228
shaken_bot,227
junjava,227
jinal,226
rummages,226
joanne2839,225
ball857,225
turtlerush,224
captainhead123,223
rows_s,223
expatiation,222
ustatsbot,222
ulian_nouneym,221
commula,221
killmastero,221
meth_head_mike,220
amazeful,220
criticalvarieties,219
jacmol7,219
just_a_noob_xd,218
klejnotykayna,218
criticalmove,216
blogy2006a,216
lovecud,216
streampromotebot,215
srk3141,215
juniorluizbr,215
slkobot,215
lilfrankie90,214
zakktheslaya,214
intro4941,213
sodespair,213
combatcarl2911,213
surplused,213
onvoi,213
dorpz,212
00000test,212
peepolurk,212
wl970608,211
knightwalking,211
talyapurrs,211
tonnages,211
twipkr,210
forsenisbanned,210
mosaru,209
equinoxbug3,209
juanfran243,209
mewypoison,209
nexysssss_hate,209
just_bane,209
bogdalina4,209
flaystw,209
gloating900,208
floboytwi_auf_twitch_,208
cvvibei,207
jokela_high_school,206
advtesttwitch2,206
peter20502,206
mamnaimiemilosz,206
surnameless,206
z1jan2kk,206
siurles,206
samchique,206
smatify_,206
00tylerpyt,206
yellowstarmin,205
wooblank,203
thalionithil,202
n00mf1ah_ytrer,202
disco_pika,202
dunke2,202
coopersoccera,202
gloft,202
0x2f7c37,201
imsuchnice,201
mentionsbot,201
imdohhyeon5894,201
nodgeer,201
ericdemafia,201
samch1ck,201
hqmes,201
matro109,200
djwolff123,200
idol_checker,199
thepigbot_,199
chaoticstupidd36,198
bad_foxs,198
ttvstalker_com,198
fortnite_pro858,197
princebot_,197
idgwidg7dtw8dg8gdw2,197
pagtooth,197
jsinovade,196
gbrig810,196
downgrade,196
jar679,196
sharonkaye89,196
anthropologydept,196
cheetahpoizon,196
cashiering,196
kunszg,195
wangliang0414,195
zerohots,194
miss_blizz,194
naotenho_nome,194
enotiweq,194
qnfgogtktls,194
levithebeasty,192
lurk24,192
kiani_ow,192
fvmh97c,192
alexratman,192
sseung0402,191
wildvinny,191
gary199229,191
sewerall,191
liteside1,191
winfer31,191
znicuuu,191
yorick_desenheiro,191
hotclipsbotstaging,191
cool25123456,190
flqqq,190
oddblueturnip,190
ale4game,190
ladmental,190
icaro12oliveira,190
iamagodhun,190
dcma_tracker,190
karasique3,190
bloodlustr,189
cocomsct0602,189
ukkr4ter,189
emirduysak,189
stream_lurkers_united,189
vateu_,189
robertotwitchel99,189
downbadbot,189
bountifulhurricane,188
aslbornheur,188
sankyy_,188
chaoscrew37,188
zazaza691,188
mararomano,188
mano1188,188
pro_gamer_network,188
tatastrumf21,187
feifacunzai,187
nostro7,187
manitoxdlm,187
alexii221,187
d4rkgrav1ty,186
jiho0548,186
lizkern,186
mojave_narwhal,186
tacotuesday7313,186
ddatapb3,186
powr_toch,185
swampiest,185
ustatsbot_spb,185
jazzcatstv,184
llllllbacolllll,184
yoonmiru,184
pekredsky,184
streamfinity,183
dertyp7214,183
noblezito,183
dayton2124,183
slap_yourface,183
un1cornpr0,183
r4stgg,183
dextopp,183
danitronics,183
danich1,183
bird_ray,183
zladk0,183
endeshnik,183
nvint,183
ramabmw,182
skcmekck3,182
daeanas2,182
txmamaten,182
zombusters,182
wpfid5555,182
activityan,182
1291,182
smokeidem,182
iamfannco,182
tboy23green,181
nathaniel_87,181
datasseur,181
alejords,181
sunamano,181
heirmanttinan,181
ryuuiro,181
rmkbot2137,181
mcd0m_,181
sickredhead,180
twitchhostings,180
nomadhatter_39,180
giaan37,180
koretk202,180
notveryxqclofyou,180
xyfm,180
de127,180
mexyra,180
otohostbot,179
sw1p3db0t,179
dugon5732,179
yearee_,179
yaskiler21,179
lukeirons07,179
gabrielzebu,179
zioomxd,179
iiiliiliilliiiiliiiilllii,179
delteerdatap3,179
thegreatryuk_,179
gatirex_777,179
erickescalante,178
externalion,178
manning_wilkins,178
kenzah36,178
feetmanjake,178
daaarling02,178
helenoloy,177
itsyaboi_miguel,177
boondreeze,177
denizliplaya88,177
mathildoe,177
ustatsbot_krs,177
notteblu3,176
bryan22027,176
unknown_lufu_fan98,176
ablakegoods,176
victory4builders,176
ustatsbot_cps,176
adreoubot,175
ne3dmore,175
enny4,175
iitutkryii,174
ttv_i_boped_you,174
dlanluna,174
dsmalan982,174
calthapalustris,174
ddatapb6,174
filgaja,174
itsmesmile420,174
hyperboi337,173
arcticlaser,173
boggydabee,173
stalkeranalysis,173
johnnypk321,173
emoneyswagger,173
elenaberry,173
bountifulhorricane,172
blackattack108,172
angly0_0,172
epicgamerc0,172
littlefirelight,172
jinu9717,172
dario12091,171
grey_wolf215,171
aurora613,171
ferida_lulnar,171
notblooody,171
maicolel,171
testt64,171
dadinho2002,170
shakayadsimmins,170
zombie115,170
ddatapb17,170
drkgmr18,170
cindy100295,169
eric_hartzel_ttv_btw,169
k9boy_909,169
vitali82,169
brejkur,169
jmlee337,169
lucagamerrr,168
kdog1354,168
trail954,168
sunshinegirl007,168
senseiesports,168
ark2408,168
pekkwarsky,168
bayedu,168
ellpspsps,168
ultramegagihan,168
stockholm_sweden,167
hocks_4i20,167
esqueleptom,167
cristian608_12,167
yumi1112,167
theslayper3,167
pepegepaul,167
springerj1243,167
evil_empiah,166
wandlordgamer,166
lplife7089,166
yassinebelhaj11,166
maryoomiiz,166
dontmindimhere,166
oozebrood,166
claire_sir_chistory,166
spoc,166
molml,165
callumxd,165
rodrig0yarzo,165
imdamermaidqueen,165
yookang111,165
tech_support_alan,165
bot_bez_govna,165
lawalidaus,165
daniel0611179007,164
bhastling,164
kiun8256,164
besong1202,164
beastmodetaco69,164
brenyams123,164
hunpippo1101,164
jonbonboi,164
totallis,164
aerizumi,164
lumpa_umpa,164
stewlew89,164
queechy,164
junketing,164
communes,164
sheensayer,164
ankhybot,164
frizzygazzles164,163
hamza_larak34,163
ihatemyusernameyeet,163
the_dannyboy,163
thomassprm,163
ultimate_warlock,163
gtgomess,163
ziloveyourtwiixv2,163
jean2011,163
nochang,163
antimat746,163
drunkenwolf,163
cristofer2001isback,163
ljlcard,163
adwin666,163
cronwaru9390,163
albertnois,163
explodedsoda,163
robotak28,163
r6kpeace,162
mjmbot,162
xel546,162
pon_panuwat,162
darkreaper_7,162
kee27k25,162
sling011r,162
lordbuttbutt,162
sirrelu,162
streamholics,162
delteerdatap6,162
forcepss,162
csogard4247,162
aric775,162
ssakdook,162
ultimafreak,162
afortinter7358,162
overlayexpert,162
botu_d,162
pokemoncommunitygame,162
therealdoomtastic,161
lerevaq,161
venummax,161
luckytigger_26,161
bonesknowz23,161
picliktengelenerol,161
sasha_statist_228,161
militaryuniformprinces,161
thawangandownlykevin,161
bromin_8_800,161
silentlylistening,161
hahahaaaaaha,161
recodingbot,161
bnald3267,161
kawanpls,161
sssssssszzsssssssssz,161
streamstat_pl,161
rebornvn9999,161
akmastertv,161
bell91706,160
thiccomode101,160
rusuario2ooo,160
benja17arratia,160
demonicwitch,160
sardarsardarov,160
zoranbot,160
targul_jolle,160
k03256,160
ghfntm27271,160
nekolk,160
thefishcannon,160
logiceftbot,160
bwarddino3954,160
shawn_javon,159
thelimemime,159
tobias7garduk,159
greatmisdirect,159
reyjrb_1,159
cccopenh,159
songlistbot,159
cuead512,159
athaetim9590,159
xohatsumi,159
atomcon3545,159
yoremeofga,159
gh0x7,159
forpresident,158
piinkwardd,158
mommydeath,158
non_ttv_andrew,158
donmisse,158
venvu,158
mistere_rp,158
cr4lux,158
9gata,158
julea__,158
zombierare42,158
flakes3,158
jaequ,158
vicenbot,158
peciline,158
kaseroulis,158
mlkea412513,158
rladmsdb88,158
luki4fun_bot_master,158
leticioomago,158
quavered,158
bandsan6780,158
cjeffpa1110,158
ajefflas6920,158
bpeke2274,158
featuredchatbot,158
crobma6879,158
bkenred8539,158
abeoge9481,158
notdimension,158
zonazero2018,157
jsm070727,157
smacknhack,157
lolrankbot,157
goxykralj,157
dataoctopus,157
loliboy2002,157
zidan0z0,157
concocts,157
cdicgar6358,157
blinso120,157
ajoferth7332,157
zuclo32,157
simatashka,157
romainstant1,157
phyton_tyan,157
pandeon_22,157
fuoletovui_banan,157
akseleron03,157
thesoggy_,157
l_nephilim_l,157
ceadda7085,157
mikuia,157
aeadlay4181,157
mortedeldraco,157
913conejo6jorge,157
benoitsr,157
ledrty,157
kronogenics,156
el_burry_,156
mando12334,156
vizeiceyy,156
jenniferreids7,156
deventhebat45,156
streem_fun,156
traglodoon,156
katrinelarsen,156
rikyro95,156
juancabardo,156
trid3nt_gaming,156
wzbot,156
rutonybot,156
minion619,156
namirai,156
brahdryt2517,156
aseanken8566,156
bnanwine1411,156
ladaellada,156
bleof2237,156
cstanken6293,156
bathas3966,156
asam2861,156
hotclipsbot,156
remasuri_bot,156
atolisen5634,156
dervox_,156
sery_bot,156
eggman_92,156
wehypebot,155
sonnymargarita,155
himtoshorthaha,155
yayathegoat87,155
karuzami253,155
dubbingboy,155
ergunrtn,155
ismack4yrolds,155
dorianaudic,155
sidemenclothing_com,155
sigoibuuh,155
inwizibiliti,155
viceeeen,155
biborgmog,155
ezobay,155
btovar3,155
reizgetz,155
roger60229,155
dragonzzin,155
trowelled,155
ddatapc3,155
anethan4466,155
cmaxlaf2866,155
cswithria5848,155
cmaxald9776,155
chesing5330,155
blauwyn1830,155
lucas19961,155
10of10bot,154
communityshowcase,154
joshua_5376,154
henzo2019,154
wjdtn_js,154
courageous__coder123,154
mrsavage49,154
bulwark,154
thenooblifer,154
ttvxdscorpio,154
mabrabo22,154
santcleep,154
johannesyri,154
kmelgarejo10,154
playwithviewersbot,154
viscoitoooooooooooooooooo,154
arierie1956,154
adoccome2214,154
gg_bro_u_u,154
afridwise2282,154
bhamfrith3245,154
comesma6127,154
adonra9967,154
hak3r__,154
cwerdphie8369,154
aordri7807,154
ravenbtwbot,154
echtkpvl,154
taaavin,154
pikxw,154
maxwell_bo,153
hihowareya2341,153
savagedog1211,153
demon1007m,153
k1llz0x,153
stalkersterror77,153
addddddnjjj,153
ak1l3o,153
hey0412,153
projecttheseannator,153
uwuant,153
a1_official_a6,153
nicholasr6346,153
camoloxna,153
jaemsir,153
nexysssss_bot,153
buttsbot,153
vaticancitymagoo,153
bgrimfrid8851,153
bambooozeld,153
bswithken8619,153
bjomark2400,153
aadelead4271,153
aguthjeff8179,153
cracar3553,153
baran6470,153
cbri8583,153
bthywil1645,153
drapsnatt,153
aidanx2,153
leonardodiclooney,153
ahrobot,153
tamagucci_bot,153
ilsus__,152
06251999daniel,152
elikid45,152
ryanpxtts1,152
savemeto,152
caesar_zeppeiii,152
amjad_shaheen,152
raubynwilliams,152
industrialparasite,152
highlordpriest,152
stefanieah,152
trankhanh12,152
kostyan4ick1,152
iviotic,152
public_enemy821,152
owowwronghole,152
captainskrew,152
kodiakbrujah,152
arrayofone,152
streamstickers,152
v_tel,152
bnecrow7950,152
charwomans,152
abardea211,152
0_nekopara_0,152
aru444,152
bsephacar1420,152
abeornald9345,152
cwig5592,152
adriixn_,152
cfredtheod3377,152
bzadoc5383,152
beverca1209,152
aliamson1637,152
aregineverbur80,152
ariscrow3977,152
soumen444,152
cwise3159,152
dennitzo2,152
anothertvvviewer,152
omicron,152
thehammerfou81,151
gazievsky,151
amjadher0,151
konghosu,151
sinch0408,151
callen48,151
cristofer0i2,151
cooperdawsonisdoodoo,151
superabuelo69,151
angz,151
ytn_joc32,151
fsang,151
kittykat513,151
gik_gok,151
rainmaker,151
pixelbypixel_bot,151
9kmmrbot,151
bescmen3379,151
abert3020,151
cneacarrah3003,151
cthrythtine3566,151
credhal8503,151
maddyson_moy_bog,151
nexysssss,151
bcomewaru4014,151
x3_xto,151
cdaing1810,151
bmarkthae7793,151
blesegel7910,151
cwilard1532,151
cherewise8370,151
mightyass,151
linuxlinus1111,151
hearthstonedecktracker,151
shatimka,151
nicdipples,151
kbnookie,150
tentedpluto1847,150
cart4i8,150
o_ohwani,150
gamerzz6991,150
hello213457288,150
stvnnow,150
woghks3740,150
sugar3,150
pubmaster15,150
atorn,150
dewy_ttv,150
dabliuz,150
limoner_vlklred,149
izukumidoriya55,149
cons15,149
lilprincess79,149
gingerbreadmaniac,149
mandez31,149
ustam50,149
peterbat72,149
mooortgg,149
artemka_fun_,149
night_wing_arc_v,149
efsane_25_25,149
mastrkilla,149
pekkl,149
rydhb,149
bubakmraz,149
lateraling,149
soylegend,148
logduck,148
o_p_g_g,148
dubu02,148
2024wlsgh,148
leoxfier,148
phantomtarragon,148
golden_beast374,148
itscorrecani24,148
gltc_neon,148
zanityps,148
mightymartin256,148
stuthebear,148
crosseyejacks_bot,148
sin74720,148
atzu_0718,148
se7ynn,148
jkmo56,148
cutechubs,148
lilcharlye,147
albagperez,147
thebiasu,147
ajusta_telas,147
realredsoul,147
skeldom,147
chldlsgkdlsep,147
jasperharrogate,147
mu_dh2010,147
ythgsy0823,147
mechawraith,147
vanthe11995,147
heyitsbluxd,147
micwar10,147
bravopablo,147
leepanz,147
cs831215,147
wcvin,147
fahimplay,146
alexandreiohannis,146
slumking012,146
in_yeon_,146
sbgoupsa34,146
tasula1212,146
juanse325,146
dantlking,146
riddenrobot199081,146
taidiula,146
hunnekosama1101,146
maiku_nanshu,146
paratchata,146
scrapy5489,146
rittenzore,146
i_sasa,146
moistkek,146
mrlurki,146
cranberryjoe,145
quamtom101,145
thesehandzz,145
coolpersonthatwachsyou,145
ismael_hasbouni,145
guynall,145
adam04q,145
wodda_f,145
jihad28,145
sky1020118,145
jeangustavo07,145
turtoise,145
bajlata_,145
akarxia,145
comunidadstreamerstop,145
qkrtkdwnd910,144
arconee,144
darkjusttogo,144
john_manuel_gamer,144
betancur196j,144
darkegamer01,144
aggsouprice,144
heart_eyes,144
wraphs,144
benjen4,144
lorenbutterfly,144
ferja800,143
samedy886,143
ieduck75,143
xswag12x,143
racoon_1833,143
fakeninja34408164,143
deznuts126,143
mark_paker,143
ppapson,143
lotionmasterkweh,143
youngsnipes09,143
sxasuke16,143
queen_the_great,143
deep1009,143
deeeep5,143
botfumante,143
astragon,143
nguyenwendy,143
pakocordero,143
honey_boyy,143
random2271,143
eze123123,143
kens_younglife21,143
74___________________7414,143
pekorat,143
200120joni,143
gfufjdgd,142
leva_45098,142
c93251815,142
mooseph,142
mchannell91,142
qkr992388,142
morjen93,142
ohyourcool12,142
tutankamonbv,142
gunslingerd74,142
solbi0329,142
eriknai,142
clausinnimburg,142
doldrir,142
agenterato,142
maifanite,142
raimundokkkk,142
xxjuan06,142
regluar411blade,141
5il3nt03,141
llazcobar53,141
ogdaddygeez,141
mebobby123,141
speed915,141
reyland_dragon_supremo,141
maioper,141
jcarpio,141
angelyt_131,141
rmzboiii,141
baekho1001,141
vizaq,141
masokashi,141
laughiingboi,141
noynoy28,141
nyxluv94,140
alexdemond,140
yoboy890,140
jamesdatboss70,140
carrasco2007,140
hondon0718,140
kinoforlife,140
lokeshpp01,140
santicarp_50364,140
paulosangouveia,140
cjfwhd5275,140
91xijinping,140
a156861894,140
bixinhogordo,140
woolenmussy,140
chieyann,139
as010as,139
xdragokill,139
theassassin_25881,139
eedhals,139
bigbigfoot258,139
mehmetalp1966,139
mahnymercury,139
shelster71,139
gusl0617,139
binorman,139
dragomasaiyan,139
twitch_gamedog7,139
brook9686,139
ghostmixer9836,139
a3560307,139
strasserlu11,139
eduksee,139
amore11,139
pneumoniak,139
iloveoil,139
scottymckillalot,139
live_archive,139
mousegerry_,139
regina_robinsen,139
todd061480,139
meidingdang006,139
raimundaoss,139
saju99sa,138
karamcpherso,138
core4445,138
epqlf1324,138
ice_wolf_29,138
danila123210,138
ezzz01,138
micenaro,138
kthmoguri,138
tanusmahanus,138
mattforms,138
park20100407,138
mrp0nk_qc,138
error_sans56,138
9mocking,138
furkanaydin,138
cormac7,138
9999gutierrexxx,138
tovia_4119,138
salsatheone,138
sasudan,138
saintneil,138
maxicarp_05,138
junior020486,138
daya119,138
leticiooarcano,138
antimirrobot,138
jimmy19980823,138
coiloftheworld,138
orotxd,138
delteerdatap12,138
ddatapb12,138
floboytwi_auf_twitch__,138
detitrex,138
arsebac,138
wolfoxs02,137
emieyogi,137
ghostmang2004,137
sammomi,137
armagnac_,137
yt_kabuto,137
xdbaran,137
tsw_fr0st,137
popsicle89,137
yoen10,137
kinggiopop,137
kain3391,137
mikea63,137
ihi453,137
eliaselieltottil,137
isaac24315,137
balancebeast1122,137
allynjace3,137
dontino91,137
babyfaby_,137
ticktock_its_nam_o_clock,137
your_tyanxd,137
hsam00020,137
venom4569,137
greentea_chillout,137
qwe7586958,137
ikaros3,137
tibo29437002,137
tiblles,137
ddatapc12,137
lukaventurini,136
maxdark09,136
parkjeahyoun,136
logan12_,136
ting_tong_99,136
kerem0149,136
mehrajdintajik,136
yeunho123,136
girino3012,136
1lulizz,136
xxmahdisdxx,136
dunaaas,136
contareservakhlnoa,136
red3020,136
purplespade77,136
iemos,136
letyciaa,136
leviathanapp,136
zyger19,136
lovely104,136
qfizzy_,136
backwardsmann,135
wavyboyclark,135
mololwbol,135
arktis_unknown,135
yunusahmet01,135
rkdrltn1,135
dlfma2320,135
ttvlogger,135
shadow4night,135
leandrovsll,135
srmx30519,135
ellpz,135
shank731,135
oscar10241984,135
nikomanse,135
hue112955,135
lizziedeth,134
chuckybtw,134
teamsaladfriend,134
dolphingirl68,134
marshy_mell0,134
sagiri_3509,134
gamerkingdomgkfan,134
foufo79,134
archenemyae,134
jack9750,134
forumcore,134
instant_playz1,134
hypeforlife86,134
505529002,134
forfun8,134
lorderen99,134
vasjapirat,134
coffeecat_,134
namaca,134
shirokuma701,134
joh_p,134
haralddubistes,134
josephsa7,134
progamerpetros,133
santimonges,133
chewbaccaoriginal,133
rkdylfn2,133
alo0722,133
until0412,133
paysteven,133
ysfnrdk,133
v_o_v_a_11,133
taonga32,133
aan308,133
mizuzuki1_0,133
arthurwick360,133
legowhitworth777,133
redcow8809,133
sierrabots,133
p0tat0m3tal,133
berkaybet,133
bragon11221027,133
sam12ha,133
thesiege78,133
beornereed,133
shikimori19,133
milk7777,133
adrianoocb15,133
hsinweichen,133
elements170,133
spiritey,133
kavisha95,133
lenapunktmandy,132
captanad06,132
never323,132
aldestreyo,132
sharingan_ox,132
angelaoreardon,132
konormak,132
asdbnm33,132
lumpinmypants,132
vario2019,132
leewonseop4261,132
nayeongod1004,132
raxdj33,132
noperopeishere,132
mrbopz,132
chronic_aidster1508,132
totoo_r,132
lanagampley,132
streamsniper420bazereeeee,132
dodo050805,132
cammee1,132
kim5494,132
katshao_sdh,132
new2da,132
wolfmax475,132
cmartel121,132
theunknownglue,132
dennikolenko,132
bennyyton,132
adhjsmkz,132
billeryolo,132
bean0304,132
nextsummer_,132
danzainosora,132
natsumadoka,132
rahsaber_c86,132
belabors,132
ddatapb2,132
delteerdatap24,132
kav245,131
vinny_829,131
gothoiscool,131
tirdebear,131
jjondgi,131
frick_and_heck,131
mooselasean,131
ressramsey,131
gelber2376,131
nikolapushka21,131
jsjs070821,131
jon_lemmon,131
emirrrkrkc,131
tasilogi,131
abs0909,131
gabrielsaf,131
starmaker0120,131
justdoit30351,131
meidingdang008,131
ben92828,131
ericsource,131
moistique,131
xjdhdb,131
orion_00000,130
jmoonrocks,130
kayquewalli,130
small6579,130
unnamed23221,130
onyeonlettuce,130
kilianberbatovci,130
darsama__,130
sayyenz,130
inmortaljons,130
719335lz,130
blingheadshot,130
moerselgaming,130
anusornsos,130
deadbang51,130
eduaard,130
cjbambilla,130
dav8089,130
pekwarsky,130
sh4neo,130
ensanguentado,130
allkidallday,130
ebenolt,130
illuminati47x,130
d07191988,130
pluto_fire,130
ff320232,130
qhair1201,130
yy62,130
erpim,130
renyarotiz4,130
bendovertout,130
tabooo123456789,130
eggwhite99,130
kay1122,130
floboytwi_auf_twitch,130
pokikek,130
yiching0815,130
gamingwithgracen,129
himearikawabot,129
zeetrs,129
01010011talk,129
nightwing23462,129
zuaviii,129
ptpth132,129
redesu,129
zeeeeeem,129
wouldyoubehang,129
lilhunterx7,129
darklightforever,129
gabwars237,129
jorgejeimer123,129
ttv_botboymgeee,129
fabrigarcia2019,129
mister_freeze_62,129
sabriii_dz,129
yase345yt,129
md_rtv,129
armaggeddon94,129
noah2009,129
vnmaul,129
masakasu,129
leondadon007,129
number_nine,129
summerainy28,129
inquisitivenrc,129
nora1104,129
bmi99531,129
daniel_8963,129
ji3moh,129
kuroko32386,129
henry3101,129
willie9815,129
idontevenknow31,129
raimuundao,129
ddatapc2,129
ck8t,128
karinaggizi,128
wildwolffire,128
bloger_from_gulag,128
alsqjarl0404,128
rlaalseb,128
angrybait,128
donyashka,128
the_hotshot_502,128
bravestarr1701,128
julo26_,128
lolo_morel38,128
iirido23,128
nixkfritter,128
kkkmk15,128
itzmathpro,128
brs2br,128
tientientw,128
crossalter,128
lg5ooo,128
a26620943,128
jr00538303000,128
xmennaelo,128
yushao,128
vincent8335,128
hanarushi,128
dracotorum,128
sakurazxoo,128
ape16237,128
amokazazel,128
thesubwaybread,128
zdog5546,127
kristina838,127
hentianal,127
youngmoney2321,127
antoshahoroshii,127
ballooneagle81,127
jehvital,127
assomudy,127
modrro0,127
omgitsmizi,127
deadsz123,127
jackson17888,127
bubbagump0922,127
dltk49,127
jwsohn0214,127
arif1501,127
j1morgan,127
myochinjjing,127
goldendragonray,127
ckagml4163,127
mikushin__,127
icecalgamer,127
killmongerff,127
gorud777,127
blooooody_,127
topach420,127
mauopkilmister,127
gera_nora,127
kunszgbot,127
gginin943,127
yohuji,127
whatthefklove,127
ikoala818,127
alanccw,127
ikill0ud,127
uniqloqoo,127
ccc909,127
zqpxzo,127
colton10tyler,126
soul_dad_5,126
robertogamers151,126
codmansuper,126
lucasstef13,126
loudding,126
nnasirhc,126
hetpatata,126
pareshm4444,126
celebi2020,126
tbnrjay305,126
hillnessa05,126
fardin_42,126
logan6790,126
ghostzinhogod,126
stella_925,126
adonisu812,126
spatton,126
agreatbeginner,126
sarpeco,126
gvb0023,126
lillillllilll,126
positivepride,126
jonyskillzz,126
yugoaka,126
josijosijos,126
johanna12345,126
reremike,126
l_p_yun,126
susucang,126
mopshalter,126
hakunhamatata,126
i_ananasik_i,126
a61582421,126
gelt0718,126
k60206123,126
king305421,126
y20661126s,126
yellowpikachu,126
w6iiiiii,126
a17456471,126
raid_nerd,126
ck284zo6y7,126
kob1xx,126
soul5900,126
castro1825,126
wing2577,126
benson77665,126
dadahouse,126
trifelife,125
enrimolo,125
snipers0009,125
chooseneye,125
janngames,125
zzbig_footzz,125
qorehdduq000,125
anantkalia2002,125
samm34_vd,125
imperious_rex09,125
hw28030223,125
ngr_lory,125
jason13837937,125
santicr3232,125
t0xicyeet,125
max_toxic_alien,125
jetoner20,125
kims3739,125
dong872811706,125
ashhea,125
kaelistus,125
tjp92,125
asdbird2003,125
saviour_z,125
xxteanminerxx8,125
hsiehweilun,125
toymoi,125
ntutyefat,125
lzaton2,125
fyzoid,125
shuoshuo1031,125
real7985200,125
ferida_binaria,125
0lazyguy,125
lsoccer,125
teazyou,125
gon822,125
henry890331,125
saltnvinegar7,124
ihateregistering123,124
whitesupremecyrules,124
tommd1213,124
fleshanchor,124
ombox154,124
azbrasiles,124
selimusmaximus,124
samurai__123,124
hentaicidavut,124
fazeslappie,124
persephone1998,124
genarotinampay,124
lucamatias95,124
gbc_bear,124
clownmusicsa,124
matheusz_07,124
2_dark_4_raven,124
emreeeeeeee,124
jjeters,124
preece36,124
titibouil45,124
r3dwards,124
valackas,124
king_hee_yeon,124
haci_baba37,124
lukasha,124
chandu016,124
supernesboy98_,124
andreagalluzzo,124
sripatt,124
james544563,124
ttv_unwarierplate_yeet,124
xsco89x,124
lasanimas85,124
43546362,124
linecounter,124
zenen009,124
mimi13131,124
bromin_8_800_hard,124
yumi588888888,124
karisg1,124
gaga4567,124
zushanyueyue_,124
a8daxin,124
delteerdatap17,124
ddatapc17,124
c081017,124
camolox,123
the_mrniceguy_,123
jfunk1001,123
itstravis1519,123
vinzente,123
cleperwi,123
getin_dirty17,123
james_birdiex,123
emilianocrackk,123
mave0513,123
tumadre51,123
mastergoku0818,123
makine_kirigami,123
j_2_e_0_a_2_y_0_o_8_o_1,123
sshhs8854,123
juliusfallouth,123
gaster3658,123
sunreddy97,123
krh6758,123
elliotthetiktoker,123
janiboy2707,123
secretbhav,123
asianguysellssoysauce,123
julien_0901,123
xxbeastshockxx,123
dongjinkimtwitch,123
daaannnyyyy,123
fyiden,123
pamelarocha,123
ladyfeller,123
deltafog,123
amberkinner69,123
luna93571,123
tnthhot,123
bakerhosts,123
hifat1213,123
tsetseee,123
dioogor,123
tennesy__,123
651166095,123
isrooo,123
benjen3,123
tightwads,123
naibao_052,123
kenefreetw,123
r_yuan_67,123
macau_people,123
izayoi0929,123
max30704,123
yuki_20020220,123
god_bigmilk,123
cowboycombo,123
espinoso1221,122
ekis2k011,122
hibopas,122
wonho0402,122
changik159,122
mewto42,122
naeemlongmire123,122
the_savage_god12,122
aho9004,122
zpdlzp1026,122
chappie_273,122
isadora53,122
msugreenmachine01,122
grenjhg99,122
akaeclipse3,122
azi00iza,122
nikita_ss0,122
adriprolm21,122
thalexxx,122
tcgtomas24,122
lance_dravenku,122
ilnessd,122
nargizakanatbekk,122
borican36,122
warcrowq,122
zz_naty_zz,122
bbotcommand,122
kuanghuda,122
araxis111,122
goodardi,122
twergo,122
ktizhmltn1,122
shung1ku,122
sangpang715,122
citbds,122
captain4k,122
daltohka0410,122
sss95386,122
johannesjhn,122
karta2160613,122
9i38hui,122
aidiokatsansi,122
98zzy,122
galetop,122
derric6901,122
yathe123,122
phantom_trigger,122
hd2568000,122
leoleoaakk,122
yaoraka,122
coilofthetime,122
33633wolf,122
oilsuc,122
xinxinlin_hololivefan,122
pat8954051tw,122
s03079,122
king8095,122
tomato0313,122
x25689180,122
phoroneus42,121
menorzinhobolado909090,121
frezzlit_19yt,121
lirnhk16,121
icebolt_gaming,121
l0cn,121
76030746,121
annonymous910,121
ttvdeathface,121
red_burnig_boy1,121
ardy2802,121
jaydenz136,121
ddragon_flyy11,121
musternod,121
barbedlime78942,121
jokeonyou437,121
khabeichegap,121
redcasco,121
kirito_10010,121
4ever_zhopa,121
izgoy76,121
tal1nn,121
ger3189,121
pontificalz,121
manu346878,121
ameiiebtw,121
jayaballard,121
djob1990,121
s06k03,121
leeeihin,121
songlistbotbeta,121
badhoc,121
srluul,121
hokebbjj,121
pion000,121
darkeycat,121
wy2589,121
benni_hdhd,121
wade26172516,121
login16,121
mashi1o,121
sonorkch33,121
regina___17,121
frankv_,121
simonliu1118,121
greenbeen555,121
wuliia,121
yuno__ooo,121
danny_2008_gutierrez,120
andresin528,120
jikmik,120
theanikila,120
ckddnxla2,120
ethan0teammlg,120
goodluckhjb,120
steelfirsgamer,120
cbowser0723,120
sallybear52,120
5thdrakon4ik,120
dquandefreitas,120
kmackhosts710,120
xobatad,120
nx_stellar,120
cosxicz,120
nemo_era,120
jotace2v1,120
exoticmamba,120
yd_dorre,120
thatha,120
angellstrittan,120
daddysharpshootr,120
rewisigamer,120
thunder_god_0616,120
pyro2067,120
vinny,120
neffin_b,120
godmodeplus1,120
dlwnseud,120
nunolazo,120
thegodlybest,120
fahad_2689,120
jhormanmc,120
xxdarkenreaperxx9903,120
taylor_swift,120
enso0007,120
kyir_greyenfern,120
bryanskqq,120
leo14527,120
leon_1729,120
botanea,120
handsome9771,120
ma827318,120
an5254,120
h_zhan,120
karta2160612,120
arsganwo,120
peter2012555,120
misaki_robo,120
yueouoy,120
igbe,120
hipuddingl223,120
bauty_diaz7818,120
lamlamv,120
andrew3331042,120
nina4831,120
texastrihard,119
vzx4312,119
woorim04,119
broncojj,119
kev_4k_hd,119
imbrik_,119
fortnite20082001,119
fischii69,119
the_hsb,119
plepou,119
happyminsoo9,119
kimniru,119
rodolfo_ramirez014xd,119
zpiritey,119
maxy_ca0,119
kangjun7794,119
nono_du_42,119
clutch_youngdexx,119
kannon070709,119
sooha9271,119
rckrsmagallanes,119
erik_alvarez_817,119
seok1596,119
korea_cat_,119
santi_vilela,119
beastz45,119
playgame_yttop,119
dannysgurl37,119
erdalern,119
blueinferno17,119
seragnader35,119
bhc1232,119
astalosite94,119
general_king47,119
yoooouth,119
vovaboyg,119
johnkay92,119
vayhyr,119
wtfbernardo,119
ghostesadog,119
fellimina,119
69_78,119
runandlk,119
xuanyee,119
kuro090117,119
lakersallen1117,119
gs1022,119
gnahztw,119
ins_mensch_,119
kinglychan1314,119
naisu3oy,119
batsu_xxx,119
baobaohan0404,119
ag458624,119
ken123181,119
luluuu7423,119
messaroun,119
flug7,119
dominikjiiiiiiiiiiii,119
tricia516,119
asrielhd,119
copypastekappabot,119
aaa822195,119
1205allen,119
ps2007,118
timburgle,118
ssviod,118
01010011alk,118
jakehunter41,118
cll0815_,118
petscallin,118
de5tr8yer,118
gabdeles,118
jeremy0900,118
vivolixopano9263,118
sebastian12gapez,118
martinnemibot,118
nono49360,118
loser2210,118
he_rc,118
lonedory,118
gaigull,118
angel_sef,118
dagger1006,118
madara_95v,118
megamind_e04,118
gabitocuervo22,118
kingjo20,118
mariajov,118
xx_skater11_xx,118
paranoid070,118
seowonjk,118
kayle85,118
mcflurry73737,118
ytgaming2880,118
laldeana,118
tim2209spider,118
universe,118
kingyaji,118
mikutakayama,118
mimisakura,118
ladellbot,118
cozmik_croc_yt,118
killua_0715,118
pocha_bot,118
andy80341,118
rea1lycy,118
twopeck,118
a8351449,118
nuo417,118
su6vu,118
szlugcajs,118
shupain02,118
abelian400,118
yupa1009,118
kenrohoro0310,118
gogotwtw1,118
xiomaral,118
jamesb7b7,118
crazyhahaball,118
coolcat_t,118
waldemoss,117
ochickypoox,117
awesomeambassador,117
tharwinder,117
yomoma92892,117
dimka_klass,117
disentror,117
reisgeliyor2,117
toxic_bomb3r,117
abhishek_pratap,117
eliasgrasshoff,117
meboioman266,117
hashusder,117
tvt1717,117
darth_lord_0903,117
jbement11,117
deeznuts_78,117
gsnicklauss,117
tolstiysana,117
ricosuave2575,117
miguelandre252,117
shake_a_carrot,117
cherish_serenity247,117
phenom0001,117
yuze0609,117
amazefullogger,117
chats_b,117
therobfather1992,117
choudanny,117
kiko_qq,117
resukcufniarb,117
zyiopghz,117
cerek5789666,117
zxcv000710,117
kustero,117
ninitheo,117
mango21009,117
kawasaki1012,117
nagitar24,117
milkgy0730gtodogto,117
polo110911,117
th3mc,117
7885,117
dantestar9920,117
stig1108,117
pieman1250,116
ra123rah,116
nakano4646,116
dirfn9060,116
miss_lady,116
christopher1256,116
kimchi_0,116
jt38w,116
12231sago,116
7724kim,116
rarepinkpanda,116
bmanbomber07,116
wardaddy1992,116
joshuaygaby,116
sdewq147,116
nandagalli,116
ksd2346,116
cass_amour,116
johnnyboss1988,116
fadeoutttv,116
paulux_24,116
soyl407_nemo,116
caysha83,116
stich30000,116
khyreewoidfolk,116
ahmetselimbingo,116
tfue__123456,116
renaut,116
qptheguywhosbeardqp,116
stormy_mys,116
888899999987,116
hdjdhfjxggdghc,116
binningtong,116
famuzp,116
gus8445,116
alexandramik,116
axiyukl,116
kogugiaku,116
boxer8888,116
blueksi,116
vseam,116
bank82888,116
mintia3301,116
emmadel9,116
sj__sj,116
tw993300,116
qwq357,116
osnimitovo,116
disappearingaceofhearts,116
erwin8787,116
ilovewatchingttv,116
336331528,116
call55688,116
redlobsterino,116
acousticfrogg,116
ga561119,116
funoway,116
jaqentheguywithnoname,115
jacobristovski,115
progight,115
hoicormihere,115
originalcrazygamer9000,115
poopzilla347,115
darko732,115
hook13th,115
jusefasmerr,115
mannkage77,115
yaesoompow,115
xxnegromanxx,115
ginjahmaster,115
upiiftu,115
aruha_,115
edodel,115
tuckpine49,115
lucianofeenandez2px9,115
leapedcioud,115
artoskas,115
morty773,115
yoyo1246,115
pbpro_1,115
copied_username,115
ppppiano,115
markspondera,115
funkyauthor9427,115
jawon0303,115
roma_2000s,115
mohammedgamer890,115
dimon16263,115
junxy607,115
1fraps1,115
walid27022003,115
poisonmik,115
jake5111,115
qwer3579zz,115
sakuraa1998,115
gangstaboi,115
poo11335,115
yoting221,115
namelesspacket3,115
nwtbot,115
son0fman,115
kinggod0807,115
godsdevilangelnayousource,115
blur487,115
tim10567,115
zweizergain777,115
qwer2687,115
ky8989_rs,115
aspektt,115
kexesser,115
7soulx,115
triciacoke,115
kcoselda,115
yaoya800,115
kenorchidian55,115
chiangbbkao,115
loki_ya,115
zergatui,115
jiahao987,115
bloodtroll9527,115
rankingstreamers,115
bigqq,115
atlas_riker,115
applp5252525,115
thomas19991012,115
ts01305172,115
creeper_ms,115
darren1010,115
zhesam,115
jioujiouu,115
arhming,115
0000_bot_0000,114
sveppi03,114
bigmuthatrucka93,114
jhovany_m,114
algouss7fifa,114
applepicker,114
tjqhrhks0,114
formulagamer_playz,114
wheatenjewel2,114
mrssungglebum,114
m4th3u5_2007,114
lu_94,114
patsolka,114
fc_apelido69,114
luis_eduardo_d_zec,114
cobracrisphil,114
leeman2842,114
w1zardinho_,114
takashi4321,114
bobthebuilder1202,114
itheliquidatori,114
ggochew30cm,114
cmjono,114
kosis03,114
master8elite,114
yusufakd1907,114
djdndnndjsndndj2,114
danielfuentes22667788,114
kangjjang2635,114
ignited_tempest,114
khc999,114
anonymousnobody_,114
r4b_widdar,114
hfvfhhdjf,114
toprakege75,114
alex_gb5,114
partysize_maya10x,114
aaroder,114
ben10greenman27,114
lanzallamas2664,114
taquitalucas,114
chrilegend31,114
tttttttttttchb,114
atzebmr,114
ktonaxui,114
mogpog,114
branson2019,114
b227842,114
jesse_aka_gamer,114
b4npls,114
jack0429081,114
kedilek,114
fukudatv,114
stes1203,114
s_lincoln_s,114
replayr_,114
wuduf,114
kaozduck,114
yukkiwee,114
072ijack,114
ianpanleo,114
yabi1127,114
slime901111,114
srammi9812984,114
611carpe,114
tch0coq,114
yuangungunder,114
magicmike9527,114
chiahao1106,114
jaydandee7,114
allenboy1205,114
rabbitbobo,114
nnoku_,114
shrekt_twitch,114
trevyn201,114
ddatapc15,114
qikert_,114
lewissao_0915,114
steven301411,114
8899456,114
seanruby23,114
narumi1203,114
naruwansis,114
vrl16432,114
o8901699,114
czsk_streamers,113
shadow_net,113
m0zetr0nick,113
mrdrogas91,113
rondobun,113
kjsosav,113
afro_my_dude,113
cdh6920,113
wesuriton,113
rafsimons0219,113
fjlj_whotookmyname,113
mynameisjeff11813,113
xxxwasupxx,113
eyaz171717171717,113
lilymidnight,113
555supermam,113
gandfadujoke,113
olivierpaz44,113
tiger41155154545,113
rodrigomillo08,113
mrfriesz,113
kimhaeun123,113
feneknek,113
aa_s_4_quitters,113
whitelonewolf13,113
lrd_fraaggy,113
xfearleasx,113
oodimooo,113
seosb8138,113
sacha_37,113
silver5xxx,113
afgtufan,113
bohousfb,113
thawk420,113
kas_ito,113
djduejcnjei,113
gabrielzebub,113
nazzoxo,113
oli0701,113
gopancake,113
flagofulysses,113
esc99120,113
yang8go32i,113
matcha0722,113
resdftw,113
guest99,113
eulerwilson,113
54d0g,113
gamble_xv,113
620995301,113
accountmusic,113
qazwsx521_love,113
kazeliyue,113
vladion22,113
ddatapb13,113
liyiqq,113
brickev378,113
apaulthony8149,113
nmsl3054,113
s601_,113
nightowl8479,112
icazares29,112
arthur_chaves,112
seowjp,112
burakunsal8009,112
garymtp34130,112
naddel86,112
maiaabrsj,112
eichhoernel_yt,112
tylerjones420,112
michaeldiamond04,112
elbrayan251,112
darthvader610305,112
danzhema,112
xxsmashersethxx,112
rabbit_buri,112
ricsi45647,112
brainless_beast,112
jersc,112
zaka000000,112
ayj00306,112
mustfashn320,112
anthonydiaaz07,112
noeelcrak628,112
kamikaze_1987,112
gksrlfem1,112
humanen,112
kabirriaz,112
jersey_j_jr,112
pepsimydix115,112
glitch_gaster,112
wrmoederartorz,112
danil7280282,112
electricman66,112
doyouwantpower,112
semilla684xd,112
name_serega,112
nodw,112
dubstyler6,112
summerkitten1985,112
anime945,112
yellow_pigxd,112
moonxlight1622,112
deathjz,112
sun294g,112
swish89192,112
ump45_,112
toast614_,112
amanopeng,112
w100q200,112
a79723537a,112
smile98715,112
01zero01,112
rra66757,112
nateeta,112
shizukuouo,112
rzeng1031,112
yifan0914,112
caotunnickthereal,112
delteerdatap13,112
lxsaws,112
proudandnasty,112
papabear0508,112
nlnlouo___,112
xiaomi_23,112
claever4990,112
maestrod_kpyt,112
yy______,112
gigi1018,112
yukiii__y,112
sukiiii_1,112
fchico31,112
xhufflexpuffx,111
maerohmz,111
psicologiaaa,111
paluten_gaming_yt,111
hregory93,111
redninja79,111
xnovamix,111
s_u_f_f_a,111
zireaelt,111
deliriru,111
wee0902,111
thatnastymom,111
valtex_furrie,111
millak3books,111
darknessrises2257,111
senpailhiel,111
dinix_j,111
houndsangius,111
farmsunhorse,111
ttvbryan032206,111
j_my_13,111
cerafinuru,111
saongyijoon,111
adc_supp_sayuru,111
caniboy15,111
s1adkayavishnya,111
cnkkara,111
gooy360,111
lordbum1997,111
hallettc17,111
cavemomma,111
saggy_sausage_shaggy_sama,111
r9bx,111
greentea8520,111
jason021207,111
lowlift,111
darch6,111
a01089233614,111
kirkdaslaya,111
fusgang_,111
makcyniy,111
francisco2011,111
guswlkim17,111
lovejade9453,111
k0988,111
generac,111
ivashkaaaa,111
minshengtsu,111
adenlove07,111
heshime,111
coolz456,111
ilnerdo,111
mrblue9527,111
cristianclq,111
ixobst,111
yousef666789999,111
ne_yo,111
haoming0611,111
jim_lin,111
bluejet27,111
nowbowseeder,111
pineapplejuce999,111
crystalmin1028,111
wingsoftime_,111
xuan_1021,111
chy0106,111
tereusblue,111
sunnyrain220,111
chancy720,111
meowdice,111
rainfish,111
chun__bot,111
littleteabag504,111
catria_,111
fat_bearr,111
suborders,111
xiaodeeeee,111
delteerdatap28,111
youlin_0126,111
peblis,111
ffchocolate,111
m9113t20,111
yumi457,111
allenbuddy,111
ethanchangaming,110
enrixeb,110
unmaskedgnome,110
xghost_exox,110
prophecydynamics,110
la_coscuuuuuu,110
spartankicksme,110
itsdj_thegamer,110
rolika915,110
yujoon0235,110
karakartal4803,110
aqwalaris,110
alexx77729,110
anonymisierterandi,110
anonymisierterandrej,110
kylep92494,110
jeepsad,110
frostybumblebee,110
fititp,110
stabr666,110
ar_beast23,110
g00fygabri3l,110
hengoll,110
savlaneel,110
ba403lu,110
bdzbomber2,110
arctos103,110
yoyoicyhype,110
420keymaster69,110
cjfuller2008,110
live_in_seoul,110
sheggiklay,110
callywally45,110
kvng_clipzy,110
borstfamily,110
ehrud1815,110
mikedagod1,110
howard95152,110
ms0283261,110
sodasola,110
alcheimtv,110
saracuteness,110
tbyphawk,110
cmk96dd9,110
yakumo87ran,110
jhen0330,110
walliballijolli,110
shizbot_,110
senhoon,110
elaine_chang,110
510023,110
freezing94210,110
yaki_0425,110
smithyyy69_,110
hyrutv,110
idunnowhyiusethisname,110
muhamad_king1,110
nam______________________,110
haohao0820,110
leo1998414,110
omom123,110
haha_456,110
angereina,110
yaoyaoning,110
puppyruff,110
uaewq,110
aceunrg_,110
jackgao0323,110
vic_chen93,110
yuno__28,110
xlnfraction,109
ranfuruya,109
dead_rider13,109
imtheducky,109
neythal,109
shlepkytest,109
pablomorsaa,109
arky29,109
akilles2342,109
ichhabefreewlan,109
bin1781,109
rafael18ston,109
lethalwater,109
pangpang_74,109
deixaeupo,109
kingwind03,109
maximw2002,109
n3n3u,109
ah_na_stah_see_ya,109
sargentkillah0,109
reapersoulo,109
sichv1,109
walriderlite,109
anthonypro123456,109
whdtjd0417,109
solarshawt,109
karmakeen01,109
cody_05,109
oleks2019,109
ricardocastillo74,109
pinkemantv,109
meexagent0,109
zelenka_gg,109
gregj232008,109
hxzard5,109
gargola22,109
fpsxdeadswitch,109
log_stream,109
chaosbannane44,109
lilililillililililli,109
saudeep101,109
wangdilolz,109
grimztar,109
deumut,109
eredin_s2,109
lianjin,109
daydreamert,109
jazxy,109
paankeki,109
nanachansz,109
commanderfruut,109
yoyoyoyotest,109
naniwa5566,109
hehehe1022,109
rachelhongtw,109
teatreeo,109
ioriiori1,109
ts01075046,109
meidingdang007,109
lilithanna,109
riseroy1022,109
miyoshizhang,109
ezodia157,109
dickyx,109
morrison963,109
trialscales,109
kevin15159357,109
pupu0124,109
hua_ye,109
just_a_poro,109
onlyatuna,109
vinox__,109
no9_9,109
jhan7872,109
koyomann,109
57when,109
kananishirololz,109
arlenelee,109
eu_e_eu,109
tony960281,109
ddatapb34,109
l_j772,109
xup663,109
tyzz1,109
rose_0805,109
chinr8652,109
linred3,109
onedaysky,109
lf2netk331,109
hideribot,108
misunderstoodc,108
commanderwacko,108
bjornsocool,108
deadpool5two,108
angelobd77,108
mccerjnr16,108
suprboner69,108
fgteev123,108
liotube_,108
galata011,108
antoine929910,108
humane_khan,108
l4serwolf,108
maimounasecexx,108
lothbroz,108
0_06_6,108
ma2521,108
please_end_me_now,108
all4greyc,108
lazyninja946,108
toychicaplayzmc,108
gamer_pro_xd,108
joacoperro,108
aslan_12344,108
ryuhyeong,108
thiccninja0069,108
fortnite_stream_lover,108
yukarikomsununkizi,108
duobenichunten2,108
mistfnbr,108
gracerz15,108
forxies,108
ithacagaminginc,108
nearbymage49,108
richiemontana30,108
3hwanho3,108
mrsoldierb,108
ligma00000000,108
dlwjdals12345,108
0_116_,108
bhuwa,108
lauty_2008cdla,108
sanworpro,108
nodosey,108
watchbagel,108
channelpoints_tts,108
xmellowbagx,108
vkchen0206,108
butterfly995,108
mnbvf,108
dennis14870,108
lzkai3,108
gzw9527,108
76ya,108
jasoniven,108
suhaha53220,108
idaidaponpon,108
geveizer,108
uiciciciui,108
i______________________ce,108
shenc6,108
eastray,108
mashumaro80547,108
qoo126078120,108
charles871206,108
ivan043310,108
just_dream777,108
mdf5566,108
sky0975,108
meissen_547,108
unionizes,108
teibow0,108
kappa_______________kappa,108
th_tony,108
suiseinos0ap,108
eric21489,108
casperowz,108
alunnnnn,108
akafred5548,108
ddatapc28,108
ddatapb28,108
ooqqo,108
darktony999,108
ballball57,108
benson900900,108
btssyj,108
chenglin914,108
weiwei823128,108
azurezu,108
pzlolicon,108
lisenpin,108
timkafah,108
fa1thykinz,107
hinmil_604,107
sand_alienw4,107
alexjoyalex,107
have03,107
matheo5890,107
yui_12,107
itsmedavidtheman,107
305canes305,107
r6kpeacee,107
dugroovansh0809,107
xdmc_creamy,107
benevento08,107
marshall_e_harris,107
xxjenny_bxx,107
zer0_h,107
danielholguin124,107
leesungmin16,107
shadow_light_wolf,107
bronaldo7010,107
duplexbird,107
kielba88,107
juan4190,107
tntfox11,107
monty4383,107
noeliat_t,107
88problem,107
flash_fulber,107
kimhyeonsu12345,107
warman911,107
hezruuu,107
paulokiller24,107
austinboston12323,107
ndnndjsi772728w89,107
beadierbread,107
jaohenrique08,107
belcaf,107
ttv_sauceygoat,107
gan_pu,107
mehby,107
txxgames,107
meidichapeau,107
lourandall13,107
dedeeyet,107
southern_playa,107
lolbincool5,107
emoir,107
bignova420,107
greenymeany1,107
ttv_borkchop,107
jl_mtk77,107
yohan1153,107
dead4957,107
dingerdid,107
ktn_square,107
kalyancr07,107
mavrick2728,107
amo9453,107
theladminadmin,107
shapeshiftgamingbot,107
xxoprahstaintxx,107
lifegivingu,107
nikobass,107
mustang_girl,107
preparedeyes,107
chirs1995,107
scxiang5,107
s87877127,107
q89720123,107
twmonokuma777,107
xue870623,107
hereistheproblem,107
apolofree,107
vdf55,107
akueilol,107
phantom550,107
ciciyin,107
ccc312,107
fettkopflp11,107
akai_1118,107
nailo4025,107
rsps9901122,107
carlossebastiancas,107
alireza117790,107
mtfwq,107
kuku1515,107
tada_cha,107
a2100,107
leonhart0620,107
misalo0515,107
fishwu,107
tyzesc,107
jay123300,107
bmannsa9713,107
crictho7527,107
adyta5,107
mcd0m_bot,107
dexter66666,107
stinky7414,107
fonya521248,107
daniel4215,107
kagami13,107
urmominnit_1,107
awe_789,106
crossssns142,106
mlecour1775,106
herokhar,106
rlatndals0816,106
thecqy,106
guccibill86,106
dale_m_111,106
tw1tchaccount,106
lul_fortnut,106
jonathanboy96,106
larypinex,106
aboniertexsl95,106
what0619,106
xxredops09,106
egedogi66776,106
shs7876,106
cloks171,106
spedkeyvl,106
qwert515,106
alexis_bellavance,106
diegotheboss135,106
alliechapman11,106
iiphisicsii,106
loves_01,106
inksans0god,106
coralquokka,106
koik56236,106
callkidbro,106
mantecado221,106
sam18502,106
raf3thebest,106
littledylan23,106
rmasksfl,106
marocastro18,106
glave0529,106
kluhamk,106
otaviobr106,106
mrcry007,106
donebeee,106
blesibv,106
wadleighf,106
subissatipx,106
xtardoytbot,106
aziewv,106
brpcacpc,106
228dedpool228,106
salimg7,106
alonso19me,106
redandsnap,106
nintendogamer323,106
linc_daddy,106
seco28s,106
batman_alex60,106
duckmansduck,106
axelknukles123,106
rockjoanne,106
chissi3000,106
dkc152,106
annleong1114,106
donkeyking1688,106
10log5b,106
boss7609,106
gash360332,106
phil372,106
gn5566no1,106
wl01146907,106
yuingmasca,106
bai1019,106
fish_0703,106
lovelivemakiowo,106
junrui1027,106
sandro_fortnite2021,106
junbanamano,106
justinette123456,106
leticiooarauto,106
riders_republic,106
sabergcf,106
bamnet,106
aantho7991,106
blafwise5658,106
kivavii,106
love3555aa,106
h4x0rgin,106
smuouo,106
ddatapc27,106
17hao,106
teddy879715,106
qwe00483,106
rewardtts,106
jim13610,106
kuan0924,106
hkcgary_,106
giveme_ssr,106
porowang,106
keff20067891,106
tyson1123,106
monika927,106
splasmen21,106
alan890426,106
theropithecus_gelada,106
taiwanstriker,106
xetos19,106
chopsssssstick,105
bigloadben,105
xdogxftw,105
himekoelectric,105
xxnikitafilippovxx,105
lillypain,105
lillyhasnotits,105
johnnyballsh,105
getclapped132,105
arthura34,105
tkdgus7605,105
r4t3d_e,105
bossboss19,105
coconutjjh,105
leoalv0,105
zzoltman71,105
syremxo,105
azanloka19,105
higgsboy_26,105
mydave1216,105
knightwolfog,105
ejsvmf12,105
yvitoorbr,105
bbj0896,105
nikerrr228,105
ekdus1217,105
yokhezebebeto,105
angelcamacho152,105
domi100208,105
ceices,105
mobxskilzy,105
jhjoe0154,105
sansybozz211,105
kvandukanna,105
rldgudcjf,105
nunya_biz1,105
dan142432,105
antony007pro,105
888kuy888,105
jiprit,105
xsarah159,105
star_sukatinum,105
gorlate,105
benjicarras,105
sugar_c12h22011,105
yagoyudy,105
jarlsgg,105
wademueller,105
55888dd,105
tolst1ak,105
leonardolobo,105
jaxkingiscomming,105
autotraces12,105
mathis6_,105
1930283,105
megasporangiumv,105
adrianopadias,105
noahlenicois,105
roksi96_,105
zzleotherabbitzz,105
jadalking2006,105
acdgod34,105
nuclear_beaver,105
theotoiti,105
gabri_monte_08,105
botahmet20,105
faze_there_go_ty,105
marlonr95,105
wodn1025,105
thegamersforlife3,105
r1r2r3r4r5r6r7r8r9r10,105
bobe4719,105
d548165,105
reportorialh,105
linuspanda,105
nocturnolupis,105
squalp,105
freekoman,105
n1zzle05,105
uniiqz_markley,105
ninaa_,105
siggior,105
oforcefield,105
theluckhunter,105
pekoraxdd,105
yoparrck,105
jerry8931,105
ryuan_67,105
fsps4a45,105
fortnite_31_,105
rock1582001,105
munichyy,105
zxcadsw,105
gc12141023,105
fishman945,105
judytw,105
meimei0622,105
yubiyubi1,105
leeei208,105
homer1710,105
wayne379,105
freedomhusky,105
cott_9,105
waynixfn_,105
its_justhyper,105
technosterone,105
ryanthetroll245,105
sehenko,105
pmpmpalan,105
cheferd1769,105
delteerdatap34,105
or2j,105
keterone,105
yungjug1019,105
artaommahe,105
yj__________,105
henry70122,105
cgajen8369,105
hanhon123,105
ddbmuiihs,105
alexdkvip,105
zxc60489,105
awilpaul2701,105
noblewolf,105
shiningwing,105
lisami0615,105
juros_juice,105
evelynemmanuel2,105
zx72142422,105
wake14,105
nlnlayaya,105
shushu_777,105
loud_gabe_mdm_21,105
revaq,104
potatodood4321,104
astraboy1,104
carlinpvpnamorauu,104
mateus4111,104
nodramallama1221,104
anarchyxflamez,104
darkssootteerr,104
sebbel1912,104
ratz_11,104
jony394026,104
ddaddayou,104
thc_ykdz,104
xaviforever7,104
twisttedvisuals,104
3llux,104
thawatchai_luechairam,104
asd9018,104
trifonov_night,104
al3jandr0_null,104
xsword16,104
itskadetv,104
bibigba,104
xpromeatball,104
bobdafish99,104
xmadenyunuss,104
glmdcnews,104
dlx_dxath,104
skkea,104
bikx_txwn,104
jannik84647,104
ilya_h2co3,104
gartenzwerg1971,104
ariel2872,104
cansuteklln,104
riesenstahlhoden,104
yeetboijoe,104
bilal12332176,104
vateu_lol,104
polarowl4814,104
ewen_360,104
fazejohnnyx,104
garymckown77,104
mgmordecai,104
galadriel66,104
baby_ange,104
ehmus,104
solomonthekin,104
karadasp1234,104
devilshere,104
pedrozzzzs,104
malou1234556,104
beanpenguin123,104
reyzhoo_31,104
mwkevin22,104
aliharb,104
isaac401510,104
diegossouza1,104
silverbullitt1,104
h2raj,104
suri195,104
chocolatinhu008,104
gimjian,104
cobrarb6s,104
superboom900,104
dustylewis,104
senthillz,104
bobiesee,104
hungaria,104
sleuthhoundh,104
sonerrenos34,104
ka2f,104
reyster_xd,104
cebeenowski,104
xgentti,104
allancat,104
kenjkeemeow,104
tocka0124,104
will2992,104
chole3333,104
ibanez_7v,104
mightyfirmstrokes,104
shunkeng,104
rkg9,104
loren211204,104
snugglebear777,104
pudding014,104
carlosunny1122,104
qq945,104
jonasplayzbtw,104
90979333,104
cmcavon85910,104
pcgame8892361,104
wenjzz,104
lyle7735659klt,104
amylinwt,104
kaminona,104
you1i,104
rapidstar5240,104
stoneoptimus,104
anshuns,104
nila824,104
thehakuuro,104
zqlal,104
zhes0816,104
panchooooo5,104
delteerdatap4,104
microhong,104
ddatapb27,104
youl_ook_pretty,104
digitman,104
rioritz,104
shogo84,104
kkss6699,104
cowba426,104
kostyathebest1,104
junweitw,104
xing1214,104
mystery_0911,104
georgebye66,104
kians_,104
btolruth8776,104
henry1874,104
takoiakibot,104
jclown666666,104
valst,104
trampel81,104
tsukimiyuune,104
poke_egg_egg,104
phancier_lin,104
cferumbard2808,104
aedsan6379,104
ji35_2l4ji3_1j4cl3,104
delteerdatap9,104
xiaoass123,104
defeat____,104
peer2peerbot,104
gdzin60,104
shot954321,104
dixperbro,104
fenrir0131,104
pekomikolalala,104
ayayaya_noted,104
goooroder,103
hperezpolanco,103
kaikid11,103
sibirog,103
stellarx,103
cllm,103
sn0wdro4,103
petter0127,103
kaggez,103
elie6942,103
karaty_king555,103
penguinator1000,103
not_jam1p,103
casinolydojop,103
arizona_nuke,103
skelatorgaming_12,103
sebastianthe1,103
qsngreenlightyt,103
mzdemonic,103
robertbackflip,103
nolo113,103
alexbarbosa235_5,103
creamzaz,103
ghjlk99,103
mitorain06,103
donkqstinky,103
bigboss1990esa,103
untamabella_darkmoon811,103
ur_mom2500,103
pugjug,103
andrea2008_23,103
axelherrera17,103
jedijesi44,103
a1meer0se,103
keremcanfortnite,103
livgra,103
wyrdalack,103
ninjabryan2,103
flake0314,103
tsm_flam,103
wyllywonka16,103
vladimir_neonow,103
boi_istream_snipe,103
ahepjvmwha,103
bell21,103
s_granberg1,103
grownscorpion,103
ert7415,103
acwont,103
bsjdhdidn,103
picseli229,103
p_phatsakon_tbk,103
wayfrobrothers,103
bless3damigo,103
rage_n_beats,103
k1ngsw0lf82881,103
cailloux_rx,103
quickster69,103
minhminhof,103
rodolfodavid,103
lp_ko,103
montpleyed,103
filipese,103
nezoxo_,103
ahmedc311,103
giantmushroom_lol,103
mirons,103
liffla,103
superiorcowboy,103
sj_jose,103
kl3izerkiller,103
deadpoolkiler,103
nazagamer1a,103
asaz5566a,103
tiguho,103
biggchub,103
abulow,103
parteface,103
muelli_tonne,103
szayo,103
hhggf2021,103
kakashi70265,103
roger881206,103
wazzzu_,103
pumarosales29,103
snakespicy,103
airisregion,103
cocodola,103
susu0601,103
xinrain1103,103
mistar709,103
chiii0805,103
cq7021568,103
asd5554279,103
shinkaifans,103
yamato_999,103
jerry933084,103
kakudon,103
baby66_37112,103
a9129005,103
20479979,103
kevin8787777777777,103
michaelfat1994,103
leiyicat,103
chunride,103
d4r1co,103
toru1475,103
darrenhita_gd,103
arcotv,103
ruben_462,103
kero____,103
hshsyshssu,103
buzindima2006,103
valen345342,103
panchooooooooide,103
antifazeckenbiss,103
delteerdatap2,103
latte1943,103
isildurr,103
kataztrophik,103
j0yeg,103
scorpionnosensual,103
mick2147,103
misha2419,103
muewyn,103
cheeze_ez,103
ddatapc34,103
smirnoff129,103
nickjl8,103
1illllllll,103
athena66782,103
redyoshi_,103
john101505,103
skilyrab,103
badoge,103
smallofish,103
bdodcon69,103
rurul2r,103
shiroskycat,103
riskspirit,103
luosha123,103
trunksoficial10,103
joshi_g08,103
a_sasa,103
sytsai,103
pd1288,103
water_r22,103
wiefan,103
keiraxlicious,103
tzuyuzuki148,103
kakshi_hd,102
randers00,102
boris124_lsk,102
isaiahreyes2005,102
twitchspy_bot,102
whitedragoun65,102
norlifi,102
gabriel_kolomar,102
jaboychris08,102
gamer22pj,102
h31n0u5_d0gg0,102
mooncum1245,102
sergio__117,102
muffintime25,102
emirhanpala5429,102
ttv_noxzy0,102
i5_petry,102
ruanfelipe_fera,102
ivancamilo14,102
gabrielvm8,102
kraoizibabbabnaann,102
leowwwty,102
okbod1,102
yourmomismynanayera,102
wynne10427,102
masta_kool,102
sassie55,102
redleopard20081,102
itsyaboyjellyrolls,102
ayushag,102
alph4_d4rk,102
thebosss54,102
haze_jd,102
lucasgerafin,102
krieger90901,102
tkey_lucas1298,102
junier3467,102
itt2233,102
blackmjc1,102
javigg3089,102
dmartinez28306,102
droxtoxxx,102
scotty_boy09,102
cto_fortnitegod,102
cruzeta,102
zthedream444,102
kill_is_fox,102
manny576,102
wild829bee,102
seigneuryt,102
kiwippong,102
1darkin,102
fiore_delgiudice,102
pyrolr17,102
adulhamid,102
aron66616,102
seogyangcowboy,102
blakely964,102
prototypeo4,102
xayvions2,102
bombi_05,102
dubaiprince888,102
poi_1,102
bellamommy19,102
maher_mch,102
kortus12,102
therapsidc,102
rodrigosena11,102
lemonade0526,102
aeyzn,102
cookedchili,102
richardnfriends,102
dmcqueen,102
kaypalmixx,102
burakfr,102
luquinharf,102
h48150408,102
mint_spy_404,102
a4651320,102
misstykal_143,102
pondduck,102
xbrydex,102
enderpro47,102
joao3412h,102
darkwax916,102
11demon_art11,102
fatekouryu,102
snow00728,102
superwhite06,102
annicefrando,102
aya0128,102
play68277,102
baga_alpha,102
yummy8765,102
ry4vka,102
cris_conway,102
suikaou,102
arclite11,102
icemark1126,102
8938rr,102
s88996644,102
rectitude2,102
bukler_,102
shiyuh,102
nasseryoussouf8,102
domo8927,102
loong91,102
0nightmoon0,102
hayay9912,102
miang_jing,102
yaya545,102
zeynep_1q,102
papibaman,102
artem13012345,102
raylan57football,102
landylin,102
zapppy___,102
williambx23,102
voskresenskiy_13,102
likidacost,102
opkut12,102
xzathegod,102
qiu0428,102
yt_smallyae,102
a_lihsihsiang,102
ddatapb4,102
ddatapc4,102
sayonala_,102
schwartssss,102
o_oc,102
jimmyovob,102
nicolas283746,102
deftoned_,102
josexitooo,102
errorchlkk,102
tomorrowliao1224,102
orangen0924,102
a59874,102
eric10117,102
akabane_ai,102
playgenshin_7414,102
litchi0326,102
mastermode_on,102
lin_oooooo,102
langer_218,102
peritustv,102
until8525,102
lemon_si,102
richard_lll,102
said8901,102
pdrjvr,102
yyminmin,102
enhikee,102
basketball20510,102
tloko619,102
hoshi_o_,102
erica_777,102
mattyotaku33,102
kvmzx,102
zgonia_,102
antoniolykes45,101
kappalytics,101
fury788,101
dopeboyshaggy,101
sharodwatford,101
appledcs,101
puzlllllletawaka,101
primo5g,101
yejin0924,101
fafnir_fg,101
whyme300,101
iiiiiiiiiiiiiiiiiii789,101
ban_of_icarus,101
rulin3679,101
shxy7_,101
mrkalodis,101
bookdoggaming,101
elcrack14norris,101
jirayu302,101
kjh27989,101
dltmdduq123,101
mavrik80,101
gusson,101
kriegercolt1827,101
nick08nick,101
eduardolivramento,101
snezhana_0,101
vblacktv,101
recruitseige,101
vitao4m,101
magcargo_2003,101
lol_imjustsomeguy,101
majestik_fire,101
slasla1999,101
vitrio_lic,101
sweatyz_exil,101
chung_hyun,101
im0mwol7,101
iijevox,101
chamaidaa,101
rz_om,101
gamingislife1467,101
kdo1973,101
grump1111,101
irvarrc,101
parykjane65,101
kaankoc_35,101
peachybleachi,101
michael_gervais,101
daaarlin02,101
jabilu8677,101
yura_piskov,101
angel10chavez,101
tanvanthpattapurathi,101
roedeh,101
dragonkiller153,101
sanatgarg090,101
dlcodnjs0820,101
zzwowo12,101
gamerguy2036,101
ameer078,101
xenomorph239,101
sophiefoofoo,101
mhany2127,101
alexis95h,101
youngnut05,101
stephano_nico,101
domgg_,101
victoriz0,101
kaos_strophe,101
solute_14,101
bright_extra,101
loli_66boom,101
helleo8452,101
yangbechue,101
yousifmuhammef,101
yourdaddyishuggge,101
jipin0211,101
parham123r,101
f1usha__,101
mimi533,101
yrikmihnev,101
grossklags100,101
clintonf,101
riplexk,101
jaybr33zzy,101
fitzright,101
emilhjensen,101
blue__rune,101
larissacontiero,101
maryfjanex,101
nkky123,101
yaroslav000_2019,101
linearinfernus,101
enter_w,101
7singames,101
kg8600,101
hasunisaheli,101
beatriz050312,101
letopc,101
antonygames1321,101
thiagoking707,101
blunted_reality,101
pablorsls,101
jensasp,101
russelldeadmeat,101
igonzqwq,101
frankkiitooo,101
wade0526,101
xiaoyu0527,101
lynn_kazumi,101
dinis_noversa,101
alfredo_omg,101
msia777,101
thelonewolf7yt,101
erickfalido,101
100mdiego,101
jknabil2020,101
dawid622,101
soul7650,101
kkhameleonn,101
mateoa9,101
yinung99,101
fake_fauli2008,101
twiscord_bot,101
mxasante,101
heyosamlee,101
magilou94,101
jasontan8383,101
kannazuki0417,101
jason6511,101
yml64,101
terry4155,101
viking_skol_19,101
sanna_dany08,101
mbliscool,101
irealsolitario,101
oozz00456,101
lana_yuuuu,101
87xiaoyu,101
a29569900,101
popopollyy,101
singlehand666,101
changroro,101
oohjoy,101
timelorddr,101
hulksmass,101
emirhanyaprakk,101
ganenki,101
omerburak14,101
nay_dk,101
supreme7557,101
matheushms2002,101
chiara_morow,101
cryoxundead,101
cahalexandre,101
kaya_n,101
chiefalligator,101
allinator_2000,101
daaay145,101
oriolete1,101
tachicuma327,101
apmkaza,101
ryk_09,101
lann518,101
sayurinagai0,101
horotnt,101
redskull07v,101
maqyna88,101
sk2h9sb2medhowuow,101
emanuel23170,101
carmine0976,101
joga23567,101
gamer221103,101
bigk3gang,101
deepsingha420,101
dollor10,101
i8067,101
floflo2607,101
cowsgomo0o0o,101
gustavo137747264,101
shiba0904,101
ojojoii264,101
sweetf1sh,101
zabnoobxd,101
mr_gestal,101
n0odmaster69,101
tombonplayz,101
whiterabbit_5634,101
ghostfgaming27,101
fly_cat0420,101
alfa_rozetmen,101
pilobrian,101
filipe_rogerio,101
soymanco345,101
alexandre3010,101
rutto_king,101
le_snipe_de_quaza,101
saxaroknews,101
pascal_107,101
ratfunnyjaja,101
delteerdatap27,101
lazariandstuff,101
zirox2w,101
twitchinsidebot,101
chelovek_ya1,101
artoosik,101
jose12312345,101
wey_silver_,101
nunuguai,101
ficn,101
ii7331,101
hilda5433,101
boss06_21,101
justin980474,101
hans93194,101
wgp_wgp_wgp,101
pikachu4ni,101
barkerchang,101
lforyolo,101
nickwill,101
rezign0604,101
tanteemma83,101
m0nique_s2_,101
delucca02,101
sayuu_0,101
fghgt123,101
momolee,101
gh0bot,101
itsme32451,101
emy_purpl,101
seregabig_,101
yeling00,101
pear0123,101
languageh_oao,101
mk_leuzim,101
xvxxii,101
caves_cuevas,101
streamheroes,101
seligaemk7,101
jabronimike,101
luisito23244,101
a20742164,101
poggersblaster,100
savagezay88,100
pleasured_bread,100
xanderp4o3,100
assassinscreed2018,100
thiagojoilso,100
ronaldo19746,100
teroristmir53,100
antdog3427,100
kim7747,100
jeppebigfan,100
firest0rm60,100
sickside_,100
719335azk,100
robin__dm78,100
harley_codyswife,100
korea_leeyuchan,100
nicknamenumber1,100
alexey609,100
kastata931,100
poyooo1233,100
wwmwmwmmw,100
bianca1930,100
osbaldoibarra13,100
po2120,100
rager6966659,100
m0m0thegod,100
dieguitoomar,100
venta52,100
succubipixie,100
min_seong0733,100
fl0psi,100
vodila7337,100
alexruizl,100
diarea2617,100
santyfk13,100
kssbig,100
pikachew06,100
razvalina666,100
arionwall,100
wjdalwj,100
emt2992,100
akdhglsjf,100
wetlif,100
hasansubhi,100
kike_27,100
xzuffy,100
chlxodud28,100
ichijirushiicrab,100
bbangcha,100
heinrichgandalf,100
hiphip0,100
celont_,100
souleimann123,100
luis03495,100
comet7z,100
kir9_debil,100
yvillanueva08,100
likeboom0989,100
leebella12,100
fortnitefanatix,100
nikolopoulosu,100
tacius017,100
matteoejup,100
yourmom2444444444444,100
fktfue,100
zeusali0,100
moaaztawfik161,100
smk9658,100
emirhancaliskn,100
alexjaxx123,100
yungslime14,100
dynamic1904,100
mariedysl,100
kjw_live,100
noechen2,100
nikita_hach,100
simone806,100
palandozobiyak,100
vforvenndeda,100
chikennails,100
cxhxuxlxy,100
monster629,100
sashckawef,100
sf_ly,100
saulofg,100
mickael_levrai,100
matsuzu14,100
fixzer1118,100
muzetion,100
fargorn,100
mrthongs,100
wanhee297,100
notolong,100
akami0226,100
symbiolive,100
tonyovatsug,100
edo_caccio,100
thebmadev_,100
mathias230921,100
sahbebe14,100
dlx_benjapro,100
blacktvocx,100
matheus_gg1,100
4thrate,100
hi_yourmyfaviouite,100
1224car,100
alex406lex,100
jess4ureyesonly,100
meytik_190,100
dolopko,100
edgarcabron,100
sokoldos,100
0noahontwitch0,100
rcarpenter221,100
rondann_,100
maximomisael,100
thony_257,100
artivise,100
rex_xtreme,100
lazulied,100
davi_1722009,100
ig_mvxirr,100
rodrigo_gutierrez_catalan,100
korvix_xd,100
xenoblade520,100
playgamesofficia,100
gamersjsjdbs,100
May2495,100
rxcet_xd,100
framo178,100
emrestyle12,100
princealain,100
maxsvu,100
rubymax123,100
j4y33_0,100
cityboymemphis,100
tekatrez,100
arsebot228,100
redreaperds,100
fer_army123kooki,100
danielbrgm,100
firestar1903,100
samuche982,100
panchogomix2610,100
diego542rz,100
luch_47,100
sweetmintcoffee,100
pin_el_crack,100
hollowglow,100
kendy_yui,100
5337384,100
mamba420ish,100
adityarhatore,100
coochie_mmann,100
blackouts567,100
batataroxa1130,100
henryvitoria,100
tw50303,100
kapitoshka_978,100
fortserieslive,100
claptrapfromborderlands,100
p4_cyborg,100
game11052012,100
mayamaria984,100
maazshah9007,100
lapichulasad17,100
el_hacker_1001,100
thomas_benitezz,100
thiagoxeleco,100
ravgirl13,100
johnboyroblox2,100
m_adinugraha,100
geminiinamongus,100
playlhama,100
landro_chiffone,100
claudiofp2010,100
ultimaloveyt,100
edyplay_s13,100
sternhimmel_26,100
lxckslaps,100
jsjwjsjsjsksk,100
horror_fishdragon,100
nani29sakura,100
de_jesus_gio,100
bosscoy973,100
soitufanexeli,100
julieta3467,100
tw_xx,100
nippizera,100
trop_bigboy,100
dannyphantom____,100
sircoso,100
filipegamerdeps4,100
nbd_switch1,100
xx_brun0_d,100
valboui,100
maksimsadovskij07,100
vitorgabel,100
alexasseye910062,100
wallace_mbcc,100
leonaldo11,100
gxsesf,100
lincf,100
methus35,100
ilayyaacov123,100
puffurlocal,100
fornitemonster69,100
fire_man_69,100
pagshake,100
hayjile,100
samuelplay___,100
ruben64_ark,100
dud123410,100
jaydenonytlolg,100
a45330054,100
50399393axf,100
mfpandaxxx,100
jellybean19832005,100
caroline_dinizs,100
derzuschauer_k,100
leolee_1217,100
rian_0,100
admativ_tw,100
yu0520,100
liz_abi21,100
chiksuvba,100
84_lukinharn,100
anggel0712,100
meencantaelthegrekox,100
maxence_tnlr,100
nath_fr44,100
aceleitor,100
mikee350,100
yuniorcks5,100
bloop_kiwi,100
protodevilns,100
vitalik10l,100
deezydagoat20,100
ghost__spender__32,100
reity1337,100
graffitiesmiid,100
marycessi,100
sebatico15,100
sniffs_in_braille,100
teopintos,100
firedragon4668,100
luisinhooo_,100
elvatodelabici776,100
zorrosoyfan,100
sas_r4sh3r_9o,100
osanch2568,100
vertz_dark,100
sbcdonka16,100
herigiar_1234,100
marjo_9,100
whinz_althea,100
takingdapiss,100
prokiller_omar2,100
ales8286,100
bauty072,100
abbrighton2004,100
qnuts_uwu77,100
lely_la_loca_6387,100
pabloxixd,100
benjaminboza,100
thechebupelya,100
ulises31032011,100
lordesupremio,100
ramzik455,100
falidoff8888999,100
dream_boy32,100
michellesob37,100
1ndamiixcthedj,100
maykel_i,100
moon_wold,100
jaydricknotfound,100
jeanlineker,100
7o7oclock,100
cuare4k,100
animallover_savannah,100
nrgmohamed,100
ikuk0,100
natsuki_chan_gacha,100
caio_pinto_663_,100
lvitorya,100
chayse4089,100
rosaaaaamelanooooooooo,100
bertuking,100
jock_us,100
blazejraczka,100
zany_fierwood,100
spectralitee,100
gomes0834,100
hansel_0322,100
ants_clanonyt,100
pablodocampop,100
samplend,100
wobby496,100
dewald122009,100
shadow_flubby,100
chitog0dmod3,100
amputechture102,100
gkbrandon,100
sushikyun,100
hislittlebeauty,100
rokpa105,100
tammy2511,100
vali7culea,100
ssupperrmaanplayz,100
clownfeed,100
seniygammmm,100
wyvernreal,100
qoubqm,100
luvenzo_,100
ismail4477,100
juegaconale132,100
edhermauricio,100
dejuanemaffett,100
el_queso206,100
gorsepo55,100
f_____el,100
arttytes,100
heloisamatos05,100
froyd_0,100
ggwptitan,100
titom95,100
disapear2,100
urgfurugjjfjfjf,100
dragnil1121,100
baybladeslayer69,100
mystisch_tv,100
atomic_firefloofer69,100
kuba_bo_tak123,100
yukimoon12,100
three123eyed,100
gurlcourt16,100
loxide_boy,100
jay_day42,100
santinolegal,100
maximos007,100
nina_lerich,100
huuhaa_bs,100
thejonesdoctor14,100
mullah94,100
cristianpb1998,100
salvadormpneto,100
barbarayi,100
elias30017,100
sirenx38,100
gamergirlashley2343,100
d3_real_dam,100
bikvoiaca7727,100
dark_phantom00,100
zemalota,100
juansesoman,100
muvp123,100
lisa_malu23,100
deeznuts22222222,100
sabe_124789,100
frueudududydgsvebebvrej,100
nicolxd_,100
sergioelcanijo,100
kekkomadio7,100
1an_r2_l2,100
jefferso6875,100
t_i_p_o_k_youtybe,100
roshan51_,100
axe616,100
krono3456,100
hi_im_dumb21,100
landoothegreat1,100
nikityan_99,100
chocolate_lover111,100
elii2122,100
anto199593hei2bd,100
j1iiro,100
adielpollo,100
kfern094,100
myiahrose,100
littelmousee,100
lilojuj,100
salamli01,100
matheusredez,100
eeveegame22,100
bruneis_19,100
kenansayt,100
kamijhaharper1,100
huuuuuhhhhuuuuuuuuu,100
pedmollgg,100
scooters212,100
francisco_asencio,100
kenny5767,100
slimeciclemybeloved,100
aryanzrock,100
deividzk_,100
ghostwild0,100
tauany83,100
danyloguilherme,100
holidayhunk123,100
katalina_90,100
sacodepapasuwu001,100
aburrido_yt,100
xx_frogeh_xx,100
tlewis1971,100
vicentevor,100
nesterzy,100
lbtxaf,100
krbotcita_ff,100
anderson0982,100
vlad041dalv,100
snr_controller_m,100
krzychuseksiak,100
feli28_prc,100
xxcm77,100
djyayin,100
rauloficial19,100
nany_limo,100
masterwelxx,100
charlim_olivera,100
gcobs226484,100
icyberacei,100
anastaciofloresespinoza,100
brunoborges15,100
cauazzzi,100
gambit_zevs,100
attackoneren46,100
yhjrejsenndhsjmaxfiredash,100
xazai_uvu,100
buggs1901,100
manolo06061,100
reape132,100
juninhotyt,100
clarianeevieira,100
shoxxw,100
bunnieskh,100
nothingworks10,100
tristanfourie10,100
maxikity,100
ashleyperez12,100
ayeyosmiley,100
emanoel_silva157,100
oab2008,100
max1221932,100
amir_atash,100
anonymous2893,100
add_exocoke100,100
alamer9ar,100
teo_angelo,100
itsmoyamoya,100
luchi19hk,100
neyden192,100
parthdw,100
ciaosonotia,100
scorneliaa,100
oni_is_gone,100
mathurin_842,100
bruna1821,100
bagr_neplave,100
mpendulo112x,100
kaz_karol,100
faze_king6893,100
juandi_gamer0308,100
grd_andyy,100
sergipro098,100
hank8383,100
lu8502,100
arruebs,100
smash00111,100
jacobs_1321,100
inekx684,100
god_chell,100
gileando123,100
surielgamin23,100
fazecaleb085,100
1q2uoo,100
marccuid_yt,100
qczvtrz,100
jninja23,100
murkyiz,100
dakool_kid9056,100
nathan_zenga,100
arieflores12,100
jeanquleforts,100
fakerealaccwasbanned,100
solo_gjf,100
elias_xd3764892,100
20creeper20zero_twitch,100
codigo_rubiuh52,100
aitorete2011,100
lucaskoch10gp,100
vielebryanpio,100
13081971,100
aaah1111,100
mxritz_kn,100
9300757660,100
multipanter,100
man1ake1970,100
anna8228,100
julie_frog,100
faze_maty14,100
angel_diaz091011,100
gremmyyyyyyy,100
smxlensk,100
modiezz,100
cristophu,100
gilson56789,100
rikimaster222,100
nylas6292,100
jujula_douille,100
fmwfilmfan,100
dreamteam5673,100
chiru63,100
amor_r7,100
kevindeleon200,100
kskskskskksks121313,100