ID_game,game_name
0,Harvest Days: My Dream Farm
1,Pokémon FireRed/LeafGreen
2,Xenoverse: Per Aspera Ad Astra
3,Star Wars Battlefront II
4,Golf Club: Wasteland
5,Outward
6,Infernax
7,Plants vs. Zombies
8,Satan's puzzle 666
9,Art
10,Hood: Outlaws & Legends
11,A Plague Tale: Innocence
12,Trials Rising
13,Tom Clancy's Rainbow Six Extraction
14,Fishing Sim World: Pro Tour
15,Warzone
16,Hotline Miami
17,BlazBlue: Central Fiction
18,Beauty & Body Art
19,Baba is You
20,Dinosaur Fossil Hunter
21,Brigandine: The Legend of Runersia
22,Legacy of Kain: Defiance
23,Coffee Talk
24,Food & Drink
25,Software and Game Development
26,Tiny Tina's Wonderlands
27,Forewarned
28,Train Simulator 2022
29,Cyber Hunter
30,Citizen Sleeper
31,Gartic
32,Animal Crossing: New Horizons
33,Trackmania
34,Tormented Souls
35,Dark Messiah of Might and Magic
36,Courage the Cowardly Dog: Hell Bound Hound
37,Phoenix Wright: Ace Attorney
38,DOOM Eternal
39,Electronica
40,Later Alligator
41,2Dark
42,Planet Coaster
43,Dark Souls III
44,Sorare
45,Sid Meier's Civilization VI
46,Final Fantasy XIV Online
47,Diablo III
48,G.O.D: Mezame Yo to Yobu Koe ga Kikoe
49,Source of Madness
50,Fallout 76
51,Monster Hunter Generations Ultimate
52,Metal Gear Solid 2: Sons of Liberty
53,Chrono Cross
54,Super Animal Royale
55,Mighty Goose
56,Alien: Isolation
57,Cities: Skylines
58,Quiz Kit
59,Street Fighter V
60,Judgment
61,We Were Here Together
62,Super Seducer 2
63,Mortal Shell
64,The Room
65,In Silence
66,The Elder Scrolls V: Skyrim
67,Lost in Random
68,Pokémon HeartGold/SoulSilver
69,It's Quiz Time
70,Final Fantasy X
71,Space Punks
72,Call of Duty: Black Ops II
73,Assassin's Creed: Brotherhood
74,Spongebob Squarepants: Battle For Bikini Bottom
75,Ratchet & Clank: Rift Apart
76,NBA 2K22
77,Banned Memories: Yamanashi
78,Limbo
79,Satisfactory
80,American McGee's Alice
81,Carmageddon II: Carpocalypse Now
82,Final Fantasy
83,Stranger of Paradise: Final Fantasy Origin
84,FIFA 18
85,The Sims 4
86,Inscryption
87,Guilty Gear: Strive
88,Eyes - The Horror Game
89,Tender
90,Dead Space 2
91,Assetto Corsa
92,Hanako | 花子さん
93,Warface
94,Prototype
95,SOMA
96,Metroid: Zero Mission
97,Demeo
98,Whispering Willows
99,Heave Ho
100,Dragon Ball Z
101,Amnesia: A Machine for Pigs
102,VALORANT
103,Crash Bandicoot 4: It's About Time
104,Viewergames Arcade
105,The Lord of the Rings: The Battle for Middle-earth II
106,Bad End Theater
107,"Pools, Hot Tubs, and Beaches"
108,The Stanley Parable: Ultra Deluxe
109,Raft
110,STASIS
111,Solasta: Crown of the Magister
112,Jak II
113,God of War
114,Nightmare Reaper
115,ElecHead
116,Guns Up! Mobile
117,Heroes of the Storm
118,Trials Fusion
119,Golf With Your Friends
120,Godlike Burger
121,My Child: Lebensborn
122,Sakura Succubus 4
123,Call of Duty: Modern Warfare 3
124,Quordle
125,Rogue Company
126,Gartic Phone
127,Silent Hill
128,Super Pang
129,Clanfolk
130,Resident Evil Village
131,My Friend Peppa Pig
132,Hearts of Iron IV
133,The Legend of Zelda: Link's Awakening
134,Them and Us
135,Clone Hero
136,Tomb Raider III: Adventures of Lara Croft
137,Deathtrap Dungeon: The Golden Room
138,Summoners War: Sky Arena
139,It Steals
140,Anime Music Quiz
141,Deponia Doomsday
142,Before The Last Hour
143,A Girls Fabric Face
144,The Witcher 3: Wild Hunt
145,Xenoblade Chronicles: Definitive Edition
146,The Serpent Rogue
147,Totally Accurate Battle Simulator
148,Zwei: The Ilvard Insurrection
149,Battlefield 2042
150,Gartic Show
151,Train Sim World 2
152,ev.io
153,SMASH LEGENDS
154,Metal Mind
155,Cry of Fear
156,Echo Arena
157,Just Die Already
158,The World Ends with You
159,Spellbreaker
160,Vampire: The Masquerade - Bloodhunt
161,Eiyuden Chronicle: Rising
162,Metroid: Other M
163,Lost Alone Ep.2: Daddy
164,Alone in the Dark 3
165,Rakuen
166,Maid of Sker
167,FANTASIAN
168,Far Cry 6
169,Age of Empires II
170,Quiplash
171,WWE SmackDown vs. Raw 2009
172,Evil Dead: The Game
173,Quiplash 2 InterLASHional
174,Call of Duty: Warzone
175,Legends of Runeterra
176,Stopots
177,Labyrinthine
178,Twister
179,Life is Strange Remastered
180,Kerbal Space Program
181,The Seven Deadly Sins: Grand Cross
182,Overwatch 2
183,Dragon's Dogma: Dark Arisen
184,Super Dragon Ball Heroes: World Mission
185,The Evil Within
186,Metal Gear Acid 2
187,Ravenous Devils
188,Subnautica
189,We Happy Few
190,Hitman: Blood Money HD
191,Sundered
192,The King of Fighters All-Star
193,Drawful 2
194,Pokémon Sword/Shield
195,Cookie Run: Kingdom
196,Garry's Mod
197,Rivals of Aether
198,LEGO Star Wars: The Skywalker Saga
199,Clash of Clans
200,Puyo Puyo Tetris
201,Back 4 Blood
202,Ninjala
203,Alien
204,DRAGON BALL Z DOKKAN BATTLE
205,Monster Hunter Stories
206,Wii Sports Resort
207,Conan Exiles
208,skribbl.io
209,Stream Arenas
210,Midnight Ghost Hunt
211,Genshin Impact
212,Harry Potter and the Goblet of Fire
213,Stronghold Crusader II
214,Doki Doki Literature Club!
215,Pokémon Colosseum
216,Water Polo
217,I am Bread
218,TETRIS 99
219,Fate/Grand Order
220,Bully: Scholarship Edition
221,The Legend of Zelda: Twilight Princess HD
222,Gran Turismo Sport
223,Pokémon X/Y
224,Euro Truck Simulator 2
225,Rounds
226,Blood and Bacon
227,Final Fantasy IX
228,It Takes Two
229,Mario Kart 64
230,This War of Mine: Final Cut
231,Gwent: The Witcher Card Game
232,Victoria II
233,We Were Here Too
234,Timberborn
235,Ghosts 'n Goblins
236,Alice: Madness Returns
237,ShellShock Live
238,Rocket League
239,Kind Words
240,Yu-Gi-Oh! Duel Links
241,Guns Up!
242,Getting Over It
243,HELLSEED
244,A Way Out
245,Left 4 Dead
246,Contraband Police
247,Epic Chef
248,Among the Sleep
249,Returnal
250,Monster Hunter Stories 2: Wings of Ruin
251,Ready or Not
252,Tom Clancy's The Division 2
253,ObsCure
254,A Memoir Blue
255,WWE 2K Battlegrounds
256,White Night
257,Sensible World of Soccer
258,Pokémon Trading Card Game
259,Final Fantasy VII Remake
260,Resident Evil CODE: Veronica
261,Metal Gear Solid
262,Friday the 13th: The Game
263,Dorfromantik
264,Thymesia
265,Scream Go Hero: Eighth Note
266,Thea 2: The Shattering
267,The Last of Us Remastered
268,FIFA 21
269,Amnesia: The Dark Descent
270,Jurassic Park
271,Pokémon Brilliant Diamond/Shining Pearl
272,Euro Truck Simulator
273,Triangle Strategy
274,Total War: Rome II
275,Epic Fantasy Battle Simulator
276,ALTF4
277,Live Bingo
278,Cuphead
279,Prominence Poker
280,Tales of Arise
281,City Guesser
282,Dante's Inferno
283,"Haiku, the Robot"
284,Patapon
285,INSIDE
286,The Legend of Heroes: Kuro no Kiseki
287,Mirror Layers
288,Reminiscence
289,Mini Motorways
290,The X-Files
291,BUS SIMULATOR
292,Dragon Ball: Xenoverse 2
293,Legend of Grimrock
294,Chrono Trigger
295,Outland
296,Nightmare of Decay
297,Politics
298,Super Mario World
299,Control
300,ibb & obb
301,Deceit
302,Harry Potter and the Half-Blood Prince
303,WarioWare: Get It Together!
304,Fishing Vacation
305,Metal Gear Solid 4: Guns of the Patriots
306,BeamNG.drive
307,Portal 2
308,Slashers
309,Sherlock Holmes: Chapter One
310,Hatoful Boyfriend
311,Onimusha: Warlords
312,Knockout City
313,Escape the Ayuwoki
314,Board Games
315,Fitness & Health
316,Super Smash Bros. Ultimate
317,Final Fantasy VII
318,Cotton Fantasy
319,The Door in the Basement
320,Quiz It
321,Stream Pairs
322,Prehistoric Kingdom
323,Grand Theft Auto V
324,Gang Beasts
325,Agar.io
326,Smash Karts
327,Minecraft
328,Casino
329,The Dark Pictures Anthology: Man of Medan
330,Ben and Ed - Blood Party
331,Gears 5
332,Anno 1404: History Edition
333,Dead Island
334,Crash Team Racing
335,Sports
336,World of Warcraft
337,Honkai Impact 3rd
338,Friday the 13th: The Computer Game
339,Contagion
340,Makers & Crafting
341,Resident Evil 6
342,Pinturillo 2
343,while True: learn()
344,Rain
345,Model Builder
346,Call of Duty: Black Ops
347,Horror Story: Hallowseed
348,Olympic Games Tokyo 2020: The Official Video Game
349,Gears of War 2
350,Super Mario Land
351,Nintendo Switch Sports
352,Stoneshard
353,Counter-Strike: Global Offensive
354,Overwatch
355,Max Payne
356,Apex Legends Mobile
357,Last Farewell
358,Evil Tonight
359,Sea of Thieves
360,Hold Fast
361,Emily Wants To Play
362,Unpacking
363,Lonely Mountains: Downhill
364,Talk To Me
365,Drawize
366,Naruto to Boruto: Shinobi Striker
367,Dying Light
368,Captain Tsubasa: Dream Team
369,Tell Me Why
370,Garena Free Fire
371,FIFA 20
372,Eternal Edge +
373,Assassin's Creed Valhalla
374,Make It Meme
375,Thief Gold
376,Is Simon There?
377,Ghost Master
378,Crypto
379,Furi
380,Cosplay Maker
381,The Lucky Dime Caper starring Donald Duck
382,At Dead Of Night
383,Uncharted 4: A Thief's End
384,Super Mario RPG: Legend of the Seven Stars
385,Pokémon Black/White
386,Home Sweet Home: Survive
387,Project Zomboid
388,Cooking Simulator
389,House Flipper
390,Syberia: The World Before
391,Farming Simulator 19
392,Blaston
393,Tangle Tower
394,The Binding of Isaac: Rebirth
395,Hylics
396,Gladiator Guild Manager
397,Call of Duty: Vanguard
398,Darkest Dungeon
399,The Lost Vikings
400,Xenogears
401,Jump Force
402,Never Alone
403,Condemned 2: Bloodshot
404,Reaction
405,Loop Hero
406,Assassin's Creed IV: Black Flag
407,DOOM 3
408,FIFA 22
409,Underture
410,Helldivers
411,FIFA 99
412,Resident Evil 3: Nemesis
413,"Animals, Aquariums, and Zoos"
414,Occult
415,theHunter: Call of the Wild
416,The King of Fighters '98 Ultimate Match Final Edition
417,LOLBeans.io
418,Superliminal
419,Little Nightmares II
420,Dark Souls
421,Two Hours One Life
422,The Last of Us Part II
423,Teenage Mutant Ninja Turtles
424,Borderlands: The Pre-Sequel
425,Green Hell
426,Agatha Christie: And Then There Were None
427,Fallout Shelter
428,Kingdom Hearts
429,Escape from Tarkov
430,Crash Bandicoot: Warped
431,Vampire Survivors
432,Assassin's Creed: Odyssey
433,Metal Gear Solid V: The Phantom Pain
434,Harry Potter and the Sorcerer's Stone
435,Just Dance
436,Stick Fight: The Game
437,Tales of Zestiria
438,Watch Parties
439,Neon Abyss
440,Super Mario Odyssey
441,SnowRunner
442,Animal Shelter Simulator
443,Half-Life
444,Sword of Legendia
445,Fall Guys: Ultimate Knockout
446,Special Events
447,Celeste
448,Project Nightmares Case 36: Henrietta Kedward
449,Vampyr
450,Castlevania: Symphony of the Night
451,Wii Fit U
452,Pokémon Mystery Dungeon: Rescue Team DX
453,Games + Demos
454,Darkwood
455,WWE SmackDown vs. Raw 2007
456,League Challenge
457,Blankos Block Party
458,Raid: Shadow Legends
459,Strange Horticulture
460,The Warriors
461,Indivisible
462,Kingdom Come: Deliverance
463,Gartic.io
464,Who Wants to Be a Millionaire
465,New World
466,Dark Souls II
467,Overcooked! 2
468,SimCity
469,No More Heroes III
470,Monopoly Plus
471,Winter Ember
472,Monkey Island 2 Special Edition: LeChuck's Revenge
473,The Ghost Train
474,Halo Infinite
475,Magic: The Gathering
476,BATTLESHIP
477,F1 Manager 2022
478,Follia – Dear Father
479,STG Shmups
480,Song of Horror
481,Ring Fit Adventure
482,Ib
483,Holdfast: Nations At War
484,Mario Kart Wii
485,Pro Cycling Manager 2021
486,Uncharted 2: Among Thieves
487,Detroit: Become Human
488,Tunic
489,Eternal Return
490,Layers of Fear
491,The Legend of Zelda: Breath of the Wild
492,Half-Life: Alyx
493,Pokémon Legends: Arceus
494,Peggle 2
495,Saint Seiya: Awakening
496,Alan Wake Remastered
497,Omen Exitio: Plague
498,Jak and Daxter: The Precursor Legacy
499,Age of Empires IV
500,iRacing
501,Cafe Owner Simulator
502,Resident Evil Outbreak File #2
503,Escape Room: The Sick Colleague
504,Ghost Exile
505,Dealer's Life 2
506,Liftoff
507,TETR.IO
508,Saint Seiya Awakening : KOTZ
509,Fishing Star: World Tour
510,Bugs Bunny & Taz: Time Busters
511,Crab Game
512,Warhammer
513,Paper Mario: The Origami King
514,Resident Evil
515,Quattro chiacchiere
516,Mario & Luigi: Bowser's Inside Story + Bowser Jr.'s Journey
517,Mists of Aiden
518,Perseverance: Part 2
519,The Secret of Monkey Island
520,Codenames
521,Mythic Heroes
522,Gas Station Simulator
523,Valheim
524,Metal Slug X
525,Assassin's Creed II
526,Tomb Raider: Gold
527,Microsoft Flight Simulator
528,Colony Survival
529,Astral Chain
530,Backpack Hero
531,Lost Alone EP.1: Little Sister
532,Devil May Cry
533,Monster Hunter Rise
534,Final Fantasy: Brave Exvius
535,Devil May Cry 3: Dante's Awakening – Special Edition
536,Prince of Persia: The Sands of Time
537,Jackbox Party Packs
538,Astroneer
539,Phasmophobia
540,Heroes of Newerth
541,Death by Degrees
542,Battlefield 1
543,Digimon World 3
544,Forza Horizon 5
545,Tails of Iron
546,Hades
547,Guild Wars 2
548,Silent Hill: Homecoming
549,Call of Duty: Black Ops Cold War
550,Bonbon
551,Beholder
552,Tiny Toon Adventures
553,The Hex
554,Blair Witch
555,The Gunk
556,The Witcher
557,Hyper Light Drifter
558,Outlast
559,The Mortuary Assistant
560,Klonoa
561,Brawlhalla
562,Pokémon XD: Gale of Darkness
563,Echoes of Mana
564,Super Mario Land 2: 6 Golden Coins
565,Aero Fighters 2
566,Borderlands 2
567,Power Drill Massacre
568,Death in the Family
569,Ark: Survival Evolved
570,Best Month Ever!
571,WARNO
572,Tekken 5
573,Kaiju Wars
574,RaceRoom Racing Experience
575,Uncharted 4: A Thief's End - Remastered
576,Rustler
577,Marbles On Stream
578,Clash Mini
579,Bloodborne
580,Rescue Party: Live!
581,Football Manager 2022
582,Spyro the Dragon
583,Chaos on Deponia
584,S4 League
585,Sign of Silence
586,Crash Bandicoot 2: Cortex Strikes Back
587,World War 3
588,Riverbond
589,Quiz Show
590,Xenoblade Chronicles 2
591,Red Dead Redemption 2
592,Minecraft Dungeons
593,Dragon Quest VI: Realms of Revelation
594,Kenshi
595,Pokémon Crystal
596,Persona 5 Strikers
597,The Cleaner
598,Lunch Lady
599,Batman: Arkham City
600,Hard West 2
601,Roblox
602,Pokémon Platinum
603,Sonic.EXE
604,BombParty
605,Chernobylite
606,The Dark Pictures Anthology: Little Hope
607,MY HERO ONE'S JUSTICE 2
608,Spyro the Dragon: Reignited Trilogy
609,Say No! More
610,Aim Lab
611,Tom Clancy's Ghost Recon: Wildlands
612,The Crew 2
613,Yakuza 5 Remastered
614,Observation
615,Cat Quest
616,Vampire: The Masquerade - Swansong
617,Dead by Daylight
618,Elite: Dangerous
619,Metin2
620,FIFA 15
621,Star Citizen
622,Slither.io
623,Darksiders Genesis
624,HyperParasite
625,Spike Volleyball
626,Board Game Online
627,Ori and the Blind Forest
628,The Centennial Case: A Shijima Story
629,Dragon Ball Legends
630,Naraka: Bladepoint
631,Dragon's Dogma
632,PowerWash Simulator
633,Grand Theft Auto III
634,Mom Hid My Game!
635,Kingdom Hearts Melody of Memory
636,BlazBlue: Cross Tag Battle
637,V Rising
638,Tom Clancy's The Division
639,Stream Racer
640,Unravel
641,Killing Floor 2
642,Grim Fandango Remastered
643,Game Dev Story
644,Arknights
645,SinsFromGod 2
646,The Lost Vikings 2
647,Horror Story
648,V696
649,Dissidia Final Fantasy Opera Omnia
650,Duel Masters
651,Red Dead Redemption
652,Path of Exile
653,Mortal Kombat X
654,Knightfall: A Daring Journey
655,She Sees Red
656,Resident Evil Outbreak
657,Commandos 2 HD Remaster
658,Harry Potter and the Order of the Phoenix
659,Armello
660,Hokko Life
661,Persona 4 Arena Ultimax
662,Higurashi: When They Cry
663,Rise of Nations: Extended Edition
664,The Elder Scrolls V: Skyrim Special Edition
665,TV Station Manager
666,Super Mario 64
667,Naruto Shippuden: Ultimate Ninja Storm 2
668,Demon's Souls
669,War Thunder
670,Beyond: Two Souls
671,Parasite Eve II
672,Don't Be Afraid
673,Poppy's Nightmare
674,The Town of Light
675,Little Witch in the Woods
676,King Arthur: Knight's Tale
677,Brawl Stars
678,Crash Team Racing Nitro-Fueled
679,I'm on Observation Duty 5
680,Need for Speed: Underground 2
681,Ori and the Will of the Wisps
682,Crossfire X
683,Slots
684,Escape Simulator
685,Pathfinder
686,Five Nights at Freddy's: Security Breach
687,Spiritfarer
688,Arma 3
689,DuckTales: Remastered
690,Dungeons & Dragons
691,Pokémon Emerald
692,Monster Prom
693,Bloons TD 6
694,Splatoon 2
695,Cyberpunk 2077
696,Rogue Lords
697,Poker Online - Texas Holdem
698,The Long Drive
699,Sifu
700,Mount & Blade II: Bannerlord
701,Aztech Forgotten Gods
702,Prezzemolo in una Giornata da Incubo
703,OMORI
704,The Evil Within 2
705,Journey to the Savage Planet
706,Crimesight
707,Gravity Rush Remastered
708,NieR: Automata
709,Dead Cells
710,Pokémon GO
711,Grand Theft Auto IV
712,Halo: The Master Chief Collection
713,Batman: Arkham Asylum
714,Warpath: Jurassic Park
715,Automobilista 2
716,Crusader Kings III
717,Young Souls
718,We Were Here
719,GeoGuess
720,Gears of War 4
721,Realm Royale
722,Yu-Gi-Oh! Master Duel
723,Still Life
724,The Legend of Zelda: A Link to the Past
725,Super Mario Maker 2
726,Resident Evil 2
727,Perseverance: Part 1
728,F1® 2021
729,Science & Technology
730,They Speak From the Abyss
731,Turnip Boy Commits Tax Evasion
732,"Zero Escape: Nine Hours, Nine Persons, Nine Doors"
733,Mario Tennis Aces
734,Curse of the Dead Gods
735,Rocket League Sideswipe
736,Bingo On Stream
737,White Day: A Labyrinth Named School
738,Songs of Conquest
739,Choice Chamber
740,Clash Royale
741,Tower of Fantasy
742,The Pigeon P
743,Need for Speed Heat
744,Pokémon Community Game
745,Human: Fall Flat
746,Fishing Sim World: Bass Pro Shops Edition
747,Card Game
748,The Legend of Zelda: The Minish Cap
749,Octopath Traveler
750,World of Tanks
751,Samurai Bringer
752,Mario Party Superstars
753,Dragon Ball Z: Budokai Tenkaichi 3
754,The Curse of Monkey Island
755,Captain Tsubasa: Rise of New Champions
756,The Night of the Scissors
757,Business Tour
758,Retail Royale
759,Terraria
760,Travel & Outdoors
761,Pokémon Ultra Sun
762,.hack//G.U. Vol. 1: Rebirth
763,Pokémon Black Version 2
764,Werewolf: The Apocalypse - Earthblood
765,Uncharted: Drake's Fortune
766,Salt and Sanctuary
767,The Wardrobe: Even Better Edition
768,Haunt Chaser
769,Call of Duty
770,Undertale
771,Pwnk
772,Amnesia: Rebirth
773,Ultimate Epic Battle Simulator 2
774,Heavy Rain
775,Live for Speed
776,Lydia
777,ObsCure II
778,GhostWire: Tokyo
779,Nitroplus Blasterz: Heroines Infinite Duel
780,Geometry Dash
781,VRChat
782,The House of Da Vinci 2
783,Ratchet & Clank
784,Horizon Forbidden West
785,The Forest
786,Car Mechanic Simulator 2018
787,Dodonpachi Resurrection
788,Vesper
789,PUBG: BATTLEGROUNDS
790,Sekiro: Shadows Die Twice
791,Elsword
792,Pokémon Omega Ruby/Alpha Sapphire
793,Windbound
794,Stranded Deep
795,The World's Hardest Game
796,Metal Gear Solid V: Ground Zeroes
797,Wildcat Gun Machine
798,Rise of Kingdoms
799,BioShock Remastered
800,Dissidia Final Fantasy NT
801,Yomawari: Night Alone
802,League of Legends: Wild Rift
803,Stream Games
804,Keep Talking and Nobody Explodes
805,The Vanishing of Ethan Carter Redux
806,Super Contra
807,Words On Stream
808,Five Nights at Freddy's
809,Super Bunny Man
810,60 Seconds!
811,Twitch
812,I'm on Observation Duty
813,The World is Your Weapon
814,Crosswords
815,Tricky Towers
816,DayZ
817,Grand Theft Auto: Liberty City Stories
818,"Pokémon: Let's Go, Pikachu!"
819,WWE SmackDown! vs. Raw 2006
820,Super Robot Wars 30
821,Mario Kart 8 Deluxe
822,Horizon Zero Dawn
823,Truck Simulator 2
824,Nioh
825,Speedrun
826,Among Us
827,The Dark Occult
828,Professor Layton and the Curious Village
829,eFootball 2022
830,Super Seducer
831,Alien vs Predator
832,SoulWorker
833,Metal Slug
834,GRIME
835,Outer Wilds
836,Haxball
837,Just Dance 2022
838,GRID Legends
839,Dragon Quest XI S: Echoes of an Elusive Age - Definitive Edition
840,Krunker
841,ANNO: Mutationem
842,Devil May Cry 5
843,Forlorn
844,Bully
845,MotoGP 22
846,Scribblenauts Unlimited
847,GameRoom
848,Tekken 7
849,The Great Ace Attorney Chronicles
850,Clubhouse Games: 51 Worldwide Classics
851,Hitchhiker
852,Stumble Guys
853,Darts
854,UNO
855,Pokémon Gold
856,Final Fantasy: Crystal Chronicles
857,Crash Bandicoot: The Wrath of Cortex
858,Friday the 13th: Killer Puzzle
859,Witch It
860,WWE 2K20
861,Final Fantasy VIII Remastered
862,On The Road
863,What Remains of Edith Finch
864,DiRT Rally 2.0
865,Loot River
866,Circuit Superstars
867,Ultima Online
868,Wario Land: Super Mario Land 3
869,Life is Strange: True Colors
870,Hunt: Showdown
871,Gran Turismo
872,Tom Clancy's Rainbow Six Siege
873,Plague Inc: Evolved
874,Grand Theft Auto: Vice City
875,Going Medieval
876,Deponia
877,Super Mecha Champions
878,Dead or Alive 6
879,Fable Anniversary
880,The Secret of Monkey Island: Special Edition
881,Friday the 13th
882,Two Point Hospital
883,Castlevania: Rondo of Blood
884,Night Book
885,Pac-Man World
886,Tattoo Mania
887,Life is Strange
888,Gods Unchained
889,Dark Quest: Board Game
890,Apex Legends
891,SCUM
892,Resident Evil 0
893,Until Dawn
894,7 Days to Die
895,Assetto Corsa Competizione
896,Little Nightmares
897,Dwarfenstein
898,Left 4 Dead 2
899,Divinity: Original Sin II
900,Alice in Wonderland
901,Destiny 2
902,Digimon Story Cyber Sleuth
903,Jurassic World Evolution 2
904,Pokémon Showdown
905,Football Cup 2022
906,The Binding of Isaac: Repentance
907,Trek to Yomi
908,Resident Evil 7 biohazard
909,Teocida
910,We Were Here Forever
911,Nun Massacre
912,Casino Slot Machine
913,One Piece: Treasure Cruise
914,Governor of Poker 3
915,Kingdom Hearts HD 1.5 + 2.5 ReMIX
916,Call of Duty: Modern Warfare 2
917,SpeedRunners
918,Elden Ring
919,Virtual Casino
920,"Warhammer 40,000: Space Marine"
921,Minit
922,Lost Judgment
923,World of Warships
924,Lady in a Leotard With a Gun
925,Rec Room
926,Street Fighter II
927,rFactor 2
928,In Sound Mind
929,Metal Gear Solid 3: Snake Eater
930,Tabletop RPGs
931,Tekken
932,Crime Patrol
933,Oddworld: Abe's Oddysee
934,Party Hard 2
935,Shadow Hearts
936,Fortnite
937,The Dark Pictures Anthology: House of Ashes
938,Identity V
939,Poppy Playtime
940,Hell Let Loose
941,Space Hulk: Deathwing - Enhanced Edition
942,DEVOUR
943,Call Of Duty: Modern Warfare
944,Serious Sam 4
945,FRIDAY NIGHT FUNKIN'
946,GeoGuessr
947,Teamfight Tactics
948,Destroy All Humans!
949,Fire Pro Wrestling World
950,No Man's Sky
951,Surgeon Simulator 2
952,Spellbreak
953,My Time at Portia
954,Zero Escape: Virtue's Last Reward
955,Brütal Legend
956,Role Player: Full Immersion
957,Rust
958,ASMR
959,For The King
960,AI Battle Royale Generator
961,Ultimate Custom Night
962,Yu-Gi-Oh! TRADING CARD GAME
963,Dislyte
964,Dark Souls: Remastered
965,Operation: Tango
966,Shattered: Tale of the Forgotten King
967,Slime: Isekai Memories
968,Five Nights at Freddy's 2
969,Black Desert
970,Bee Simulator
971,Hollow Knight
972,Embr
973,Expedition Zero
974,Cold House
975,Fears to Fathom: Home Alone
976,Bloodstained: Ritual of the Night
977,Deep Rock Galactic
978,Resident Evil 3
979,Endless Legend
980,Just Ignore Them: Brea's Story Tape 1
981,Dragon Age: Origins
982,Pokémon Unite
983,osu!
984,Fallout: New Vegas
985,Tekken 2
986,Dying Light 2: Stay Human
987,Sonic the Hedgehog
988,Outwars
989,Firefighting Simulator
990,Seterra
991,BloodRayne 2: Terminal Cut
992,Ludomania
993,Warframe
994,JANITOR BLEEDS
995,Super Mario Bros.
996,Outlast II
997,Enslaved: Odyssey to the West
998,Pull Stay
999,Thief
1000,Kentucky Route Zero
1001,Crash Bandicoot
1002,Pokémon Red
1003,Uncharted 2: Among Thieves Remastered
1004,Tekken 3
1005,Bingo
1006,Achilles: Legends Untold
1007,RimWorld
1008,The Closing Shift
1009,Spelunky 2
1010,Drawy
1011,The Last of Us
1012,Road 96
1013,Nippon Marathon
1014,Spore
1015,Chess
1016,Hearthstone
1017,Hay Day
1018,The House of the Dead: Remake
1019,Dota 2
1020,Persona 5
1021,Century: Age of Ashes
1022,SMITE
1023,Music
1024,The Sims 3
1025,Tomb Raider
1026,Tourist Bus Simulator
1027,Overlord: Escape from Nazarick
1028,Pokémon Black/White Version 2
1029,Gamer Shop Simulator
1030,Pokémon Trading Card Game Online
1031,Need for Speed Most Wanted U
1032,Taiko no Tatsujin: The Drum Master!
1033,Bendy and the Ink Machine
1034,Beat Saber
1035,GRIS
1036,Lost Ark
1037,Atomicrops
1038,Ultimate Chicken Horse
1039,Days Gone
1040,Resident Evil: Revelations 2
1041,The Binding of Isaac
1042,Pupperazzi
1043,Tribes of Midgard
1044,Winkeltje: The Little Shop
1045,Lumencraft
1046,Battlefleet Gothic: Armada 2
1047,WWE 2K22
1048,WWE SLAM: Card Trader
1049,The Plan
1050,Farming Simulator 22
1051,Peggle
1052,Call of Duty: Mobile
1053,Total War: Warhammer II
1054,Ghost Exorcism Inc.
1055,Saw
1056,Final Fantasy XII: The Zodiac Age
1057,Pokémon Scarlet
1058,The Vagrant
1059,Just Chatting
1060,Blasphemous
1061,Kena: Bridge of Spirits
1062,Kukoro: Stream Chat Games
1063,The Amulet of AmunRuuUUUN
1064,PUBG Mobile
1065,Metal Slug 2
1066,Grand Theft Auto: San Andreas
1067,Slender: The Arrival
1068,Kirby and the Forgotten Land
1069,Tomb Raider Level Editor
1070,Paladins
1071,Scribble It!
1072,Inazuma Eleven GO Strikers 2013
1073,MediEvil
1074,Suspects: Mystery Mansion
1075,The Stanley Parable
1076,Legacy of Kain: Soul Reaver 2
1077,Death Damnation
1078,Martha Is Dead
1079,Ripper
1080,Hydroneer
1081,Subway Surfers
1082,Big Brain Academy: Brain vs. Brain
1083,Return of the Obra Dinn
1084,Resident Evil 5
1085,SpongeBob SquarePants: Battle for Bikini Bottom - Rehydrated
1086,Supraland
1087,Jump King
1088,Brothers: A Tale of Two Sons
1089,Total War: Warhammer III
1090,The Wolf Among Us
1091,Tiny Room Stories: Town Mystery
1092,Pocket Monsters Diamond & Pearl: Pokémon wo Sagase! Meiro de Daibōken!
1093,Diablo II: Resurrected
1094,The Inheritance of Crimson Manor
1095,Trüberbrook
1096,Splatoon
1097,Talk Shows & Podcasts
1098,Splitgate
1099,The King of Fighters XV
1100,Dragon Ball FighterZ
1101,Super Smash Bros. Melee
1102,Gran Turismo 7
1103,Bugsnax
1104,F1 2021
1105,Kahoot!
1106,Visage
1107,Ikai
1108,Wreckfest
1109,Banana Shooter
1110,WWE 2K19
1111,Dead Space
1112,Rogue Legacy 2
1113,Teardown
1114,"Warhammer 40,000: Chaos Gate - Daemonhunters"
1115,Call of Duty: Black Ops Zombies
1116,Lost Odyssey
1117,Poker
1118,Escape From School
1119,League of Legends
1120,Kingdom Hearts III
1121,What The Dub?!
1122,Briscola
1123,Phantasmagoria
1124,Marauders
1125,Bakery Simulator
1126,Portal
1127,Five Nights at Freddy's 4
1128,Battlefield V
1129,Call of Cthulhu
1130,Zombie Army 4: Dead War
1131,Arma Reforger
1132,Sisters Royale: Five Sisters Under Fire
1133,Call of Duty 4: Modern Warfare
1134,Salt and Sacrifice
1135,Prey
1136,Retro
1137,Final Fantasy XIII-2
1138,Shin Megami Tensei V
1139,Europa Universalis IV
1140,Slime Rancher
1141,I'm Only Sleeping
1142,XCOM 2
1143,Card Shark
