,twitch_name,steam_name,steam_clean,match_score,twitch_clean
0,Alice: Madness Returns,Alice: Madness Returns,,100,alice madness returns
1,Witch It,Witch It,,100,witch it
2,The Stanley Parable: Ultra Deluxe,The Stanley Parable: Ultra Deluxe,,100,the stanley parable ultra deluxe
3,The Long Drive,The Long Drive,,100,the long drive
4,INSIDE,INSIDE,,100,inside
5,Hades,Hades,,100,hades
6,Stranded Deep,Stranded Deep,,100,stranded deep
7,Rounds,ROUNDS,rounds,100,rounds
8,Drawful 2,Drawful 2,,100,drawful 2
9,Slime Rancher,Slime Rancher,,100,slime rancher
10,Final Fantasy VIII Remastered,FINAL FANTASY VIII - REMASTERED,final fantasy viii remastered,100,final fantasy viii remastered
11,Dragon Quest XI S: Echoes of an Elusive Age - Definitive Edition,DRAGON QUEST¬Æ XI S: Echoes of an Elusive Age‚Ñ¢ - Definitive Edition,dragon quest xi s echoes of an elusive age definitive edition,100,dragon quest xi s echoes of an elusive age definitive edition
12,Destiny 2,Destiny 2,,100,destiny 2
13,Five Nights at Freddy's,Five Nights at Freddy's,,100,five nights at freddy's
14,Sherlock Holmes: Chapter One,Sherlock Holmes Chapter One,sherlock holmes chapter one,100,sherlock holmes chapter one
15,Planet Coaster,Planet Coaster,,100,planet coaster
16,The Forest,The Forest,,100,the forest
17,Endless Legend,ENDLESS‚Ñ¢ Legend,endless legend,100,endless legend
18,Inscryption,Inscryption,,100,inscryption
19,Loop Hero,Loop Hero,,100,loop hero
20,Elsword,Elsword,,100,elsword
21,Golf With Your Friends,Golf With Your Friends,,100,golf with your friends
22,Visage,Visage,,100,visage
23,Anno 1404: History Edition,Anno 1404 - History Edition,anno 1404 history edition,100,anno 1404 history edition
24,Valheim,Valheim,,100,valheim
25,Hollow Knight,Hollow Knight,,100,hollow knight
26,World War 3,World War 3,,100,world war 3
27,Metal Gear Solid V: Ground Zeroes,METAL GEAR SOLID V: GROUND ZEROES,metal gear solid v ground zeroes,100,metal gear solid v ground zeroes
28,VRChat,VRChat,,100,vrchat
29,Arma 3,Arma 3,,100,arma 3
30,Timberborn,Timberborn,,100,timberborn
31,Life is Strange Remastered,Life is Strange Remastered,,100,life is strange remastered
32,SoulWorker,Soulworker,soulworker,100,soulworker
33,Resident Evil 3,Resident Evil 3,,100,resident evil 3
34,Tell Me Why,Tell Me Why,,100,tell me why
35,Age of Empires IV,Age of Empires IV,,100,age of empires iv
36,Minecraft Dungeons,Minecraft Dungeons,,100,minecraft dungeons
37,Going Medieval,Going Medieval,,100,going medieval
38,Warframe,Warframe,,100,warframe
39,Satisfactory,Satisfactory,,100,satisfactory
40,Counter-Strike: Global Offensive,Counter-Strike: Global Offensive,,100,counterstrike global offensive
41,Curse of the Dead Gods,Curse of the Dead Gods,,100,curse of the dead gods
42,Red Dead Redemption 2,Red Dead Redemption 2,,100,red dead redemption 2
43,Thea 2: The Shattering,Thea 2: The Shattering,,100,thea 2 the shattering
44,Outer Wilds,Outer Wilds,,100,outer wilds
45,Fallout: New Vegas,Fallout: New Vegas,,100,fallout new vegas
46,Gas Station Simulator,Gas Station Simulator,,100,gas station simulator
47,Colony Survival,Colony Survival,,100,colony survival
48,rFactor 2,rFactor 2,,100,rfactor 2
49,Poppy Playtime,Poppy Playtime,,100,poppy playtime
50,Yu-Gi-Oh! Master Duel,Yu-Gi-Oh! Master Duel,,100,yugioh master duel
51,Source of Madness,Source of Madness,,100,source of madness
52,NBA 2K22,NBA 2K22,,100,nba 2k22
53,Call of Duty: Black Ops II,Call of Duty¬Æ: Black Ops II,call of duty black ops ii,100,call of duty black ops ii
54,Final Fantasy XII: The Zodiac Age,FINAL FANTASY XII THE ZODIAC AGE,final fantasy xii the zodiac age,100,final fantasy xii the zodiac age
55,Five Nights at Freddy's: Security Breach,Five Nights at Freddy's: Security Breach,,100,five nights at freddy's security breach
56,Eiyuden Chronicle: Rising,Eiyuden Chronicle: Rising,,100,eiyuden chronicle rising
57,Lost in Random,Lost in Random‚Ñ¢,lost in random,100,lost in random
58,Paladins,Paladins¬Æ,paladins,100,paladins
59,Kenshi,Kenshi,,100,kenshi
60,Tomb Raider,Tomb Raider,,100,tomb raider
61,SMITE,SMITE¬Æ,smite,100,smite
62,Fable Anniversary,Fable Anniversary,,100,fable anniversary
63,Resident Evil 6,Resident Evil 6,,100,resident evil 6
64,Armello,Armello,,100,armello
65,Dragon Age: Origins,Dragon Age: Origins,,100,dragon age origins
66,Bakery Simulator,Bakery Simulator,,100,bakery simulator
67,Tekken 7,TEKKEN 7,tekken 7,100,tekken 7
68,Lost Ark,Lost Ark,,100,lost ark
69,The Elder Scrolls V: Skyrim Special Edition,The Elder Scrolls V: Skyrim Special Edition,,100,the elder scrolls v skyrim special edition
70,Batman: Arkham City,Batman: Arkham City,,100,batman arkham city
71,Mortal Shell,Mortal Shell,,100,mortal shell
72,Vampire: The Masquerade - Bloodhunt,Vampire: The Masquerade - Bloodhunt,,100,vampire the masquerade bloodhunt
73,iRacing,iRacing,,100,iracing
74,Stumble Guys,Stumble Guys,,100,stumble guys
75,Superliminal,Superliminal,,100,superliminal
76,Super Dragon Ball Heroes: World Mission,SUPER DRAGON BALL HEROES WORLD MISSION,super dragon ball heroes world mission,100,super dragon ball heroes world mission
77,Aim Lab,Aim Lab,,100,aim lab
78,Total War: Warhammer III,Total War: WARHAMMER III,total war warhammer iii,100,total war warhammer iii
79,SpongeBob SquarePants: Battle for Bikini Bottom - Rehydrated,SpongeBob SquarePants: Battle for Bikini Bottom - Rehydrated,,100,spongebob squarepants battle for bikini bottom rehydrated
80,Hearts of Iron IV,Hearts of Iron IV,,100,hearts of iron iv
81,Final Fantasy XIII-2,FINAL FANTASY¬Æ XIII-2,final fantasy xiii2,100,final fantasy xiii2
82,Mortal Kombat X,Mortal Kombat X,,100,mortal kombat x
83,Outland,Outland,,100,outland
84,Naraka: Bladepoint,NARAKA: BLADEPOINT,naraka bladepoint,100,naraka bladepoint
85,My Time at Portia,My Time At Portia,my time at portia,100,my time at portia
86,Ori and the Will of the Wisps,Ori and the Will of the Wisps,,100,ori and the will of the wisps
87,Deep Rock Galactic,Deep Rock Galactic,,100,deep rock galactic
88,Football Manager 2022,Football Manager 2022,,100,football manager 2022
89,Vampyr,Vampyr,,100,vampyr
90,Kerbal Space Program,Kerbal Space Program,,100,kerbal space program
91,Hyper Light Drifter,Hyper Light Drifter,,100,hyper light drifter
92,Cyberpunk 2077,Cyberpunk 2077,,100,cyberpunk 2077
93,Final Fantasy XIV Online,FINAL FANTASY XIV Online,final fantasy xiv online,100,final fantasy xiv online
94,Brigandine: The Legend of Runersia,Brigandine The Legend of Runersia,brigandine the legend of runersia,100,brigandine the legend of runersia
95,Jump King,Jump King,,100,jump king
96,Brothers: A Tale of Two Sons,Brothers - A Tale of Two Sons,brothers a tale of two sons,100,brothers a tale of two sons
97,Cooking Simulator,Cooking Simulator,,100,cooking simulator
98,Space Hulk: Deathwing - Enhanced Edition,Space Hulk: Deathwing Enhanced Edition,space hulk deathwing enhanced edition,100,space hulk deathwing enhanced edition
99,Naruto to Boruto: Shinobi Striker,NARUTO TO BORUTO: SHINOBI STRIKER,naruto to boruto shinobi striker,100,naruto to boruto shinobi striker
100,Dead Space 2,Dead Space‚Ñ¢ 2,dead space 2,100,dead space 2
101,Dota 2,Dota 2,,100,dota 2
102,Rivals of Aether,Rivals of Aether,,100,rivals of aether
103,eFootball 2022,eFootball‚Ñ¢ 2022,efootball 2022,100,efootball 2022
104,No Man's Sky,No Man's Sky,,100,no man's sky
105,Thief,Thief,,100,thief
106,Jurassic World Evolution 2,Jurassic World Evolution 2,,100,jurassic world evolution 2
107,Forewarned,FOREWARNED,forewarned,100,forewarned
108,Operation: Tango,Operation: Tango,,100,operation tango
109,Project Zomboid,Project Zomboid,,100,project zomboid
110,Among Us,Among Us,,100,among us
111,Darkwood,Darkwood,,100,darkwood
112,Five Nights at Freddy's 4,Five Nights at Freddy's 4,,100,five nights at freddy's 4
113,Rogue Company,Rogue Company,,100,rogue company
114,Euro Truck Simulator 2,Euro Truck Simulator 2,,100,euro truck simulator 2
115,Tribes of Midgard,Tribes of Midgard,,100,tribes of midgard
116,WWE 2K20,WWE 2K20,,100,wwe 2k20
117,WWE 2K22,WWE 2K22,,100,wwe 2k22
118,SpeedRunners,SpeedRunners,,100,speedrunners
119,Resident Evil 5,Resident Evil 5,,100,resident evil 5
120,WARNO,WARNO,,100,warno
121,Honkai Impact 3rd,Honkai Impact 3rd,,100,honkai impact 3rd
122,Card Shark,Card Shark,,100,card shark
123,The Curse of Monkey Island,The Curse of Monkey Island,,100,the curse of monkey island
124,The Evil Within,The Evil Within,,100,the evil within
125,SMASH LEGENDS,SMASH LEGENDS,,100,smash legends
126,Ultimate Chicken Horse,Ultimate Chicken Horse,,100,ultimate chicken horse
127,Surgeon Simulator 2,Surgeon Simulator 2,,100,surgeon simulator 2
128,Terraria,Terraria,,100,terraria
129,GRIME,GRIME,,100,grime
130,Tom Clancy's Ghost Recon: Wildlands,Tom Clancy's Ghost Recon¬Æ Wildlands,tom clancy's ghost recon wildlands,100,tom clancy's ghost recon wildlands
131,Knockout City,Knockout City‚Ñ¢,knockout city,100,knockout city
132,Two Point Hospital,Two Point Hospital,,100,two point hospital
133,Dead Cells,Dead Cells,,100,dead cells
134,Street Fighter V,Street Fighter V,,100,street fighter v
135,Jump Force,JUMP FORCE,jump force,100,jump force
136,UNO,UNO,,100,uno
137,Bloons TD 6,Bloons TD 6,,100,bloons td 6
138,Green Hell,Green Hell,,100,green hell
139,GRID Legends,GRID Legends,,100,grid legends
140,Zombie Army 4: Dead War,Zombie Army 4: Dead War,,100,zombie army 4 dead war
141,Astroneer,ASTRONEER,astroneer,100,astroneer
142,Total War: Warhammer II,Total War: WARHAMMER II,total war warhammer ii,100,total war warhammer ii
143,Brawlhalla,Brawlhalla,,100,brawlhalla
144,Spore,SPORE‚Ñ¢,spore,100,spore
145,Monster Hunter Stories 2: Wings of Ruin,Monster Hunter Stories 2: Wings of Ruin,,100,monster hunter stories 2 wings of ruin
146,Killing Floor 2,Killing Floor 2,,100,killing floor 2
147,Tails of Iron,Tails of Iron,,100,tails of iron
148,Forza Horizon 5,Forza Horizon 5,,100,forza horizon 5
149,Elite: Dangerous,Elite Dangerous,elite dangerous,100,elite dangerous
150,Ark: Survival Evolved,ARK: Survival Evolved,ark survival evolved,100,ark survival evolved
151,It Takes Two,It Takes Two,,100,it takes two
152,Strange Horticulture,Strange Horticulture,,100,strange horticulture
153,Left 4 Dead,Left 4 Dead,,100,left 4 dead
154,Grand Theft Auto: Vice City,Grand Theft Auto: Vice City,,100,grand theft auto vice city
155,We Were Here,We Were Here,,100,we were here
156,Beat Saber,Beat Saber,,100,beat saber
157,Home Sweet Home: Survive,Home Sweet Home : Survive,home sweet home survive,100,home sweet home survive
158,Rust,Rust,,100,rust
159,A Way Out,A Way Out,,100,a way out
160,V Rising,V Rising,,100,v rising
161,Lumencraft,Lumencraft,,100,lumencraft
162,Borderlands: The Pre-Sequel,Borderlands: The Pre-Sequel,,100,borderlands the presequel
163,Tales of Zestiria,Tales of Zestiria,,100,tales of zestiria
164,Fire Pro Wrestling World,Fire Pro Wrestling World,,100,fire pro wrestling world
165,F1¬Æ 2021,F1¬Æ 2021,,100,f1 2021
166,Bendy and the Ink Machine,Bendy and the Ink Machine,,100,bendy and the ink machine
167,Beyond: Two Souls,Beyond: Two Souls,,100,beyond two souls
168,Resident Evil Village,Resident Evil Village,,100,resident evil village
169,XCOM 2,XCOM¬Æ 2,xcom 2,100,xcom 2
170,Blasphemous,Blasphemous,,100,blasphemous
171,DayZ,DayZ,,100,dayz
172,DEVOUR,DEVOUR,,100,devour
173,Warface,Warface,,100,warface
174,Escape Simulator,Escape Simulator,,100,escape simulator
175,Resident Evil,Resident Evil,,100,resident evil
176,Ready or Not,Ready or Not,,100,ready or not
177,Heavy Rain,Heavy Rain,,100,heavy rain
178,Midnight Ghost Hunt,Midnight Ghost Hunt,,100,midnight ghost hunt
179,Observation,Observation,,100,observation
180,Hood: Outlaws & Legends,Hood: Outlaws & Legends,,100,hood outlaws legends
181,Dragon's Dogma: Dark Arisen,Dragon's Dogma: Dark Arisen,,100,dragon's dogma dark arisen
182,Battlefield V,Battlefield V,,100,battlefield v
183,Contagion,Contagion,,100,contagion
184,Gwent: The Witcher Card Game,GWENT: The Witcher Card Game,gwent the witcher card game,100,gwent the witcher card game
185,Sea of Thieves,Sea of Thieves,,100,sea of thieves
186,Assetto Corsa,Assetto Corsa,,100,assetto corsa
187,Devil May Cry 5,Devil May Cry 5,,100,devil may cry 5
188,Fallout Shelter,Fallout Shelter,,100,fallout shelter
189,Hotline Miami,Hotline Miami,,100,hotline miami
190,Back 4 Blood,Back 4 Blood,,100,back 4 blood
191,Chernobylite,Chernobylite,,100,chernobylite
192,Guns Up!,GUNS UP!,guns up,100,guns up
193,Grand Theft Auto: San Andreas,Grand Theft Auto: San Andreas,,100,grand theft auto san andreas
194,Mini Motorways,Mini Motorways,,100,mini motorways
195,Crusader Kings III,Crusader Kings III,,100,crusader kings iii
196,Raft,Raft,,100,raft
197,Lunch Lady,Lunch Lady,,100,lunch lady
198,Just Die Already,Just Die Already,,100,just die already
199,Dragon Ball: Xenoverse 2,DRAGON BALL XENOVERSE 2,dragon ball xenoverse 2,100,dragon ball xenoverse 2
200,Hokko Life,Hokko Life,,100,hokko life
201,Call of Cthulhu,Call of Cthulhu¬Æ,call of cthulhu,100,call of cthulhu
202,Dead by Daylight,Dead by Daylight,,100,dead by daylight
203,Doki Doki Literature Club!,Doki Doki Literature Club!,,100,doki doki literature club
204,SOMA,SOMA,,100,soma
205,Cuphead,Cuphead,,100,cuphead
206,"Warhammer 40,000: Chaos Gate - Daemonhunters","Warhammer 40,000: Chaos Gate - Daemonhunters",,100,warhammer 40000 chaos gate daemonhunters
207,Human: Fall Flat,Human: Fall Flat,,100,human fall flat
208,Resident Evil 2,Resident Evil 2,,100,resident evil 2
209,RaceRoom Racing Experience,RaceRoom Racing Experience,,100,raceroom racing experience
210,BeamNG.drive,BeamNG.drive,,100,beamngdrive
211,Realm Royale,Realm Royale,,100,realm royale
212,Tom Clancy's Rainbow Six Siege,Tom Clancy's Rainbow Six¬Æ Siege,tom clancy's rainbow six siege,100,tom clancy's rainbow six siege
213,Battlefleet Gothic: Armada 2,Battlefleet Gothic: Armada 2,,100,battlefleet gothic armada 2
214,Undertale,Undertale,,100,undertale
215,Kingdom Come: Deliverance,Kingdom Come: Deliverance,,100,kingdom come deliverance
216,War Thunder,War Thunder,,100,war thunder
217,Banana Shooter,Banana Shooter,,100,banana shooter
218,The Sims 3,The Sims‚Ñ¢ 3,the sims 3,100,the sims 3
219,Journey to the Savage Planet,Journey To The Savage Planet,journey to the savage planet,100,journey to the savage planet
220,The Binding of Isaac: Rebirth,The Binding of Isaac: Rebirth,,100,the binding of isaac rebirth
221,Grand Theft Auto V,Grand Theft Auto V,,100,grand theft auto v
222,Beholder,Beholder,,100,beholder
223,WWE 2K19,WWE 2K19,,100,wwe 2k19
224,DuckTales: Remastered,DuckTales: Remastered,,100,ducktales remastered
225,Dead Island,Dead Island,,100,dead island
226,Ravenous Devils,Ravenous Devils,,100,ravenous devils
227,Rogue Legacy 2,Rogue Legacy 2,,100,rogue legacy 2
228,Car Mechanic Simulator 2018,Car Mechanic Simulator 2018,,100,car mechanic simulator 2018
229,Final Fantasy VII,FINAL FANTASY VII,final fantasy vii,100,final fantasy vii
230,Spellbreak,Spellbreak,,100,spellbreak
231,World of Warships,World of Warships,,100,world of warships
232,Little Nightmares,Little Nightmares,,100,little nightmares
233,Nightmare Reaper,Nightmare Reaper,,100,nightmare reaper
234,Final Fantasy,FINAL FANTASY,final fantasy,100,final fantasy
235,Dark Souls III,DARK SOULS‚Ñ¢ III,dark souls iii,100,dark souls iii
236,Elden Ring,ELDEN RING,elden ring,100,elden ring
237,Halo Infinite,Halo Infinite,,100,halo infinite
238,For The King,For The King,,100,for the king
239,ShellShock Live,ShellShock Live,,100,shellshock live
240,Bully: Scholarship Edition,Bully: Scholarship Edition,,100,bully scholarship edition
241,Friday the 13th: The Game,Friday the 13th: The Game,,100,friday the 13th the game
242,Dying Light,Dying Light,,100,dying light
243,The Vagrant,The Vagrant,,100,the vagrant
244,Knightfall: A Daring Journey,Knightfall: A Daring Journey,,100,knightfall a daring journey
245,Arma Reforger,Arma Reforger,,100,arma reforger
246,Crab Game,Crab Game,,100,crab game
247,We Were Here Too,We Were Here Too,,100,we were here too
248,ibb & obb,ibb & obb,,100,ibb obb
249,GRIS,GRIS,,100,gris
250,Super Animal Royale,Super Animal Royale,,100,super animal royale
251,Metal Gear Solid V: The Phantom Pain,METAL GEAR SOLID V: THE PHANTOM PAIN,metal gear solid v the phantom pain,100,metal gear solid v the phantom pain
252,Ultimate Epic Battle Simulator 2,Ultimate Epic Battle Simulator 2,,100,ultimate epic battle simulator 2
253,Five Nights at Freddy's 2,Five Nights at Freddy's 2,,100,five nights at freddy's 2
254,SCUM,SCUM,,100,scum
255,Monster Prom,Monster Prom,,100,monster prom
256,SnowRunner,SnowRunner,,100,snowrunner
257,Geometry Dash,Geometry Dash,,100,geometry dash
258,Bugsnax,Bugsnax,,100,bugsnax
259,Legend of Grimrock,Legend of Grimrock,,100,legend of grimrock
260,Battlefield 1,Battlefield 1 ‚Ñ¢,battlefield 1,100,battlefield 1
261,Assassin's Creed: Odyssey,Assassin's Creed¬Æ Odyssey,assassin's creed odyssey,100,assassin's creed odyssey
262,Ultimate Custom Night,Ultimate Custom Night,,100,ultimate custom night
263,Bloodstained: Ritual of the Night,Bloodstained: Ritual of the Night,,100,bloodstained ritual of the night
264,Prototype,Prototype‚Ñ¢,prototype,100,prototype
265,Dark Souls II,DARK SOULS‚Ñ¢ II,dark souls ii,100,dark souls ii
266,Mount & Blade II: Bannerlord,Mount & Blade II: Bannerlord,,100,mount blade ii bannerlord
267,Captain Tsubasa: Rise of New Champions,Captain Tsubasa: Rise of New Champions,,100,captain tsubasa rise of new champions
268,Road 96,Road 96 üõ£Ô∏è,road 96,100,road 96
269,Automobilista 2,Automobilista 2,,100,automobilista 2
270,Celeste,Celeste,,100,celeste
271,Ori and the Blind Forest,Ori and the Blind Forest,,100,ori and the blind forest
272,Battlefield 2042,Battlefield‚Ñ¢ 2042,battlefield 2042,100,battlefield 2042
273,Halo: The Master Chief Collection,Halo: The Master Chief Collection,,100,halo the master chief collection
274,Victoria II,Victoria II,,100,victoria ii
275,The Evil Within 2,The Evil Within 2,,100,the evil within 2
276,Totally Accurate Battle Simulator,Totally Accurate Battle Simulator,,100,totally accurate battle simulator
277,Chrono Trigger,CHRONO TRIGGER¬Æ,chrono trigger,100,chrono trigger
278,Citizen Sleeper,Citizen Sleeper,,100,citizen sleeper
279,Pro Cycling Manager 2021,Pro Cycling Manager 2021,,100,pro cycling manager 2021
280,Tunic,TUNIC,tunic,100,tunic
281,Return of the Obra Dinn,Return of the Obra Dinn,,100,return of the obra dinn
282,Ghost Exorcism Inc.,Ghost Exorcism INC.,ghost exorcism inc,100,ghost exorcism inc
283,Overcooked! 2,Overcooked! 2,,100,overcooked 2
284,PUBG: BATTLEGROUNDS,PUBG: BATTLEGROUNDS,,100,pubg battlegrounds
285,We Were Here Forever,We Were Here Forever,,100,we were here forever
286,World of Tanks,World of Tanks,,100,world of tanks
287,The Dark Pictures Anthology: House of Ashes,The Dark Pictures Anthology: House of Ashes,,100,the dark pictures anthology house of ashes
288,New World,New World,,100,new world
289,The Witcher 3: Wild Hunt,The Witcher¬Æ 3: Wild Hunt,the witcher 3 wild hunt,100,the witcher 3 wild hunt
290,Labyrinthine,Labyrinthine,,100,labyrinthine
291,Half-Life: Alyx,Half-Life: Alyx,,100,halflife alyx
292,Syberia: The World Before,Syberia: The World Before,,100,syberia the world before
293,Train Sim World 2,Train Sim World¬Æ 2,train sim world 2,100,train sim world 2
294,Friday the 13th: Killer Puzzle,Friday the 13th: Killer Puzzle,,100,friday the 13th killer puzzle
295,Dorfromantik,Dorfromantik,,100,dorfromantik
296,Ib,Ib,,100,ib
297,Fallout 76,Fallout 76,,100,fallout 76
298,Wreckfest,Wreckfest,,100,wreckfest
299,Star Wars Battlefront II,STAR WARS‚Ñ¢ Battlefront‚Ñ¢ II,star wars battlefront ii,100,star wars battlefront ii
300,LEGO Star Wars: The Skywalker Saga,LEGO¬Æ Star Wars‚Ñ¢: The Skywalker Saga,lego star wars the skywalker saga,100,lego star wars the skywalker saga
301,Plague Inc: Evolved,Plague Inc: Evolved,,100,plague inc evolved
302,GhostWire: Tokyo,Ghostwire: Tokyo,ghostwire tokyo,100,ghostwire tokyo
303,Dragon Ball FighterZ,DRAGON BALL FighterZ,dragon ball fighterz,100,dragon ball fighterz
304,The Crew 2,The Crew‚Ñ¢ 2,the crew 2,100,the crew 2
305,7 Days to Die,7 Days to Die,,100,7 days to die
306,Gang Beasts,Gang Beasts,,100,gang beasts
307,Monster Hunter Rise,MONSTER HUNTER RISE,monster hunter rise,100,monster hunter rise
308,Keep Talking and Nobody Explodes,Keep Talking and Nobody Explodes,,100,keep talking and nobody explodes
309,Borderlands 2,Borderlands 2,,100,borderlands 2
310,Grand Theft Auto III,Grand Theft Auto III,,100,grand theft auto iii
311,Portal 2,Portal 2,,100,portal 2
312,The Stanley Parable,The Stanley Parable,,100,the stanley parable
313,Dead or Alive 6,DEAD OR ALIVE 6,dead or alive 6,100,dead or alive 6
314,Resident Evil 7 biohazard,Resident Evil 7 Biohazard,resident evil 7 biohazard,100,resident evil 7 biohazard
315,Amnesia: The Dark Descent,Amnesia: The Dark Descent,,100,amnesia the dark descent
316,Darkest Dungeon,Darkest Dungeon¬Æ,darkest dungeon,100,darkest dungeon
317,Call of Duty 4: Modern Warfare,Call of Duty¬Æ 4: Modern Warfare¬Æ,call of duty 4 modern warfare,100,call of duty 4 modern warfare
318,DOOM Eternal,DOOM Eternal,,100,doom eternal
319,The Elder Scrolls V: Skyrim,The Elder Scrolls V: Skyrim,,100,the elder scrolls v skyrim
320,Neon Abyss,Neon Abyss,,100,neon abyss
321,Vampire Survivors,Vampire Survivors,,100,vampire survivors
322,Governor of Poker 3,Governor of Poker 3,,100,governor of poker 3
323,Metin2,Metin2,,100,metin2
324,Guilty Gear: Strive,GUILTY GEAR -STRIVE-,guilty gear strive,100,guilty gear strive
325,Rocket League,Rocket League¬Æ,rocket league,100,rocket league
326,RimWorld,RimWorld,,100,rimworld
327,Super Bunny Man,Super Bunny Man,,100,super bunny man
328,In Silence,In Silence,,100,in silence
329,Cat Quest,Cat Quest,,100,cat quest
330,theHunter: Call of the Wild,theHunter: Call of the Wild‚Ñ¢,thehunter call of the wild,100,thehunter call of the wild
331,Call of Duty: Modern Warfare 3,Call of Duty: Modern Warfare 3,,100,call of duty modern warfare 3
332,Garry's Mod,Garry's Mod,,100,garry's mod
333,Subnautica,Subnautica,,100,subnautica
334,Fall Guys: Ultimate Knockout,Fall Guys: Ultimate Knockout,,100,fall guys ultimate knockout
335,Amnesia: A Machine for Pigs,Amnesia: A Machine for Pigs,,100,amnesia a machine for pigs
336,Yakuza 5 Remastered,Yakuza 5 Remastered,,100,yakuza 5 remastered
337,Phasmophobia,Phasmophobia,,100,phasmophobia
338,Little Nightmares II,Little Nightmares II,,100,little nightmares ii
339,BlazBlue: Cross Tag Battle,BlazBlue: Cross Tag Battle,,100,blazblue cross tag battle
340,Dying Light 2: Stay Human,Dying Light 2 Stay Human,dying light 2 stay human,100,dying light 2 stay human
341,Tales of Arise,Tales of Arise,,100,tales of arise
342,Monopoly Plus,MONOPOLY¬Æ PLUS,monopoly plus,100,monopoly plus
343,Deponia Doomsday,Deponia Doomsday,,100,deponia doomsday
344,DiRT Rally 2.0,DiRT Rally 2.0,,100,dirt rally 20
345,Winkeltje: The Little Shop,Winkeltje: The Little Shop,,100,winkeltje the little shop
346,Little Witch in the Woods,Little Witch in the Woods,,100,little witch in the woods
347,Resident Evil 0,Resident Evil 0,,100,resident evil 0
348,ANNO: Mutationem,ANNO: Mutationem,,100,anno mutationem
349,Europa Universalis IV,Europa Universalis IV,,100,europa universalis iv
350,We Happy Few,We Happy Few,,100,we happy few
351,God of War,God of War,,100,god of war
352,PowerWash Simulator,PowerWash Simulator,,100,powerwash simulator
353,Prominence Poker,Prominence Poker,,100,prominence poker
354,Baba is You,Baba Is You,baba is you,100,baba is you
355,Splitgate,Splitgate,,100,splitgate
356,Days Gone,Days Gone,,100,days gone
357,Teardown,Teardown,,100,teardown
358,Deponia,Deponia,,100,deponia
359,Songs of Conquest,Songs of Conquest,,100,songs of conquest
360,Black Desert,Black Desert,,100,black desert
361,The Great Ace Attorney Chronicles,The Great Ace Attorney Chronicles,,100,the great ace attorney chronicles
362,The Binding of Isaac,The Binding of Isaac,,100,the binding of isaac
363,OMORI,OMORI,,100,omori
364,Century: Age of Ashes,Century: Age of Ashes,,100,century age of ashes
365,Gears 5,Gears 5,,100,gears 5
366,Hell Let Loose,Hell Let Loose,,100,hell let loose
367,Apex Legends,Apex Legends‚Ñ¢,apex legends,100,apex legends
368,Portal,Portal,,100,portal
369,Persona 5 Strikers,Persona¬Æ 5 Strikers,persona 5 strikers,100,persona 5 strikers
370,We Were Here Together,We Were Here Together,,100,we were here together
371,Grim Fandango Remastered,Grim Fandango Remastered,,100,grim fandango remastered
372,The Sims 4,The Sims‚Ñ¢ 4,the sims 4,100,the sims 4
373,Hunt: Showdown,Hunt: Showdown,,100,hunt showdown
374,Cities: Skylines,Cities: Skylines,,100,cities skylines
375,Yu-Gi-Oh! Duel Links,Yu-Gi-Oh! Duel Links,,100,yugioh duel links
376,Deceit,Deceit,,100,deceit
377,Unpacking,Unpacking,,100,unpacking
378,Path of Exile,Path of Exile,,100,path of exile
379,Call of Duty: Black Ops,Call of Duty¬Æ: Black Ops,call of duty black ops,100,call of duty black ops
380,Final Fantasy IX,FINAL FANTASY IX,final fantasy ix,100,final fantasy ix
381,House Flipper,House Flipper,,100,house flipper
382,Quiplash,Quiplash,,100,quiplash
383,Spelunky 2,Spelunky 2,,100,spelunky 2
384,Hydroneer,Hydroneer,,100,hydroneer
385,Conan Exiles,Conan Exiles,,100,conan exiles
386,Left 4 Dead 2,Left 4 Dead 2,,100,left 4 dead 2
387,Max Payne,Max Payne,,100,max payne
388,FIFA 22,FIFA 22,,100,fifa 22
389,Need for Speed Heat,Need for Speed‚Ñ¢ Heat,need for speed heat,100,need for speed heat
390,Oddworld: Abe's Oddysee,Oddworld: Abe's Oddysee¬Æ,oddworld abe's oddysee,100,oddworld abe's oddysee
391,Unravel,Unravel,,100,unravel
392,Super Mecha Champions,Super Mecha Champions,,100,super mecha champions
393,Eternal Return,Eternal Return,,100,eternal return
394,Supraland,Supraland,,100,supraland
395,The King of Fighters XV,THE KING OF FIGHTERS XV,the king of fighters xv,100,the king of fighters xv
396,Farming Simulator 22,Farming Simulator 22,,100,farming simulator 22
397,Persona 4 Arena Ultimax,Persona 4 Arena Ultimax,,100,persona 4 arena ultimax
398,Indivisible,Indivisible,,100,indivisible
399,The Wolf Among Us,The Wolf Among Us,,100,the wolf among us
400,Rise of Nations: Extended Edition,Rise of Nations: Extended Edition,,100,rise of nations extended edition
401,Sign of Silence,Sign of Silence,,100,sign of silence
402,Monkey Island 2 Special Edition: LeChuck's Revenge,Monkey Island‚Ñ¢ 2 Special Edition: LeChuck‚Äôs Revenge‚Ñ¢,monkey island 2 special edition lechucks revenge,100,monkey island 2 special edition lechuck's revenge
403,Assassin's Creed IV: Black Flag,Assassin‚Äôs Creed¬Æ IV Black Flag‚Ñ¢,assassins creed iv black flag,100,assassin's creed iv black flag
404,BlazBlue: Central Fiction,BlazBlue Centralfiction,blazblue centralfiction,100,blazblue central fiction
405,Tom Clancy's The Division,Tom Clancy‚Äôs The Division‚Ñ¢,tom clancys the division,100,tom clancy's the division
406,Assassin's Creed: Brotherhood,Assassin‚Äôs Creed¬Æ Brotherhood,assassins creed brotherhood,100,assassin's creed brotherhood
407,Sid Meier's Civilization VI,Sid Meier‚Äôs Civilization¬Æ VI,sid meiers civilization vi,100,sid meier's civilization vi
408,Puyo Puyo Tetris,Puyo Puyo‚Ñ¢Tetris¬Æ,puyo puyotetris,100,puyo puyo tetris
409,MotoGP 22,MotoGP‚Ñ¢22,motogp22,100,motogp 22
410,Stronghold Crusader II,Stronghold Crusader 2,stronghold crusader 2,100,stronghold crusader ii
411,Dark Messiah of Might and Magic,Dark Messiah of Might & Magic,dark messiah of might magic,100,dark messiah of might and magic
412,Outlast II,Outlast 2,outlast 2,100,outlast ii
413,Spyro the Dragon: Reignited Trilogy,Spyro‚Ñ¢ Reignited Trilogy,spyro reignited trilogy,100,spyro the dragon reignited trilogy
414,Final Fantasy X,FINAL FANTASY IX,final fantasy ix,97,final fantasy x
415,Naruto Shippuden: Ultimate Ninja Storm 2,NARUTO SHIPPUDEN: Ultimate Ninja STORM 4,naruto shippuden ultimate ninja storm 4,97,naruto shippuden ultimate ninja storm 2
416,Grand Theft Auto IV,Grand Theft Auto V,grand theft auto v,97,grand theft auto iv
417,Call of Duty: Modern Warfare 2,Call of Duty: Modern Warfare 3,call of duty modern warfare 3,97,call of duty modern warfare 2
418,Call Of Duty: Modern Warfare,Call of Duty: Modern Warfare 3,call of duty modern warfare 3,96,call of duty modern warfare
419,Resident Evil: Revelations 2,Resident Evil Revelations,resident evil revelations,96,resident evil revelations 2
420,Need for Speed Most Wanted U,Need for Speed‚Ñ¢ Most Wanted,need for speed most wanted,96,need for speed most wanted u
421,Call of Duty: Black Ops Zombies,Call of Duty: Black Ops II - Zombies,call of duty black ops ii zombies,95,call of duty black ops zombies
422,Farming Simulator 19,Farming Simulator 17,farming simulator 17,95,farming simulator 19
423,BioShock Remastered,BioShock‚Ñ¢ 2 Remastered,bioshock 2 remastered,95,bioshock remastered
424,Euro Truck Simulator,Euro Truck Simulator 2,euro truck simulator 2,95,euro truck simulator
425,MY HERO ONE'S JUSTICE 2,MY HERO ONE'S JUSTICE,my hero one's justice,95,my hero one's justice 2
426,Red Dead Redemption,Red Dead Redemption 2,red dead redemption 2,95,red dead redemption
427,Assassin's Creed II,Assassin‚Äôs Creed¬Æ III,assassins creed iii,95,assassin's creed ii
428,Life is Strange,Life is Strange 2,life is strange 2,94,life is strange
429,Age of Empires II,Age of Empires IV,age of empires iv,94,age of empires ii
430,Tom Clancy's The Division 2,Tom Clancy‚Äôs The Division‚Ñ¢,tom clancys the division,94,tom clancy's the division 2
431,Devil May Cry,Devil May Cry 5,devil may cry 5,93,devil may cry
432,Metal Slug X,METAL SLUG 3,metal slug 3,92,metal slug x
433,Hitman: Blood Money HD,Hitman: Blood Money,hitman blood money,92,hitman blood money hd
434,Super Robot Wars 30,SUPER ROBOT WARS V,super robot wars v,92,super robot wars 30
435,Serious Sam 4,Serious Sam 2,serious sam 2,92,serious sam 4
436,Call of Duty,Call of Duty¬Æ 2,call of duty 2,92,call of duty
437,Metal Slug 2,METAL SLUG 3,metal slug 3,92,metal slug 2
438,Dead Space,Dead Space‚Ñ¢ 2,dead space 2,91,dead space
439,The Secret of Monkey Island,The Curse of Monkey Island,the curse of monkey island,91,the secret of monkey island
440,Metal Slug,METAL SLUG 3,metal slug 3,91,metal slug
441,Street Fighter II,Street Fighter V,street fighter v,91,street fighter ii
442,The Vanishing of Ethan Carter Redux,The Vanishing of Ethan Carter,the vanishing of ethan carter,91,the vanishing of ethan carter redux
443,BUS SIMULATOR,Bus Simulator 18,bus simulator 18,90,bus simulator
444,Half-Life,Half-Life 2,halflife 2,89,halflife
445,Far Cry 6,Far Cry¬Æ 5,far cry 5,89,far cry 6
446,Spongebob Squarepants: Battle For Bikini Bottom,SpongeBob SquarePants: Battle for Bikini Bottom - Rehydrated,spongebob squarepants battle for bikini bottom rehydrated,89,spongebob squarepants battle for bikini bottom
447,Outlast,Outlast 2,outlast 2,88,outlast
448,Tekken 2,TEKKEN 7,tekken 7,88,tekken 2
449,Tekken 3,TEKKEN 7,tekken 7,88,tekken 3
450,Monster Hunter Stories,MONSTER HUNTER RISE,monster hunter rise,88,monster hunter stories
451,Tekken 5,TEKKEN 7,tekken 7,88,tekken 5
452,Dark Souls,DARK SOULS‚Ñ¢ II,dark souls ii,87,dark souls
453,Final Fantasy VII Remake,FINAL FANTASY VIII - REMASTERED,final fantasy viii remastered,87,final fantasy vii remake
454,Phoenix Wright: Ace Attorney,Phoenix Wright: Ace Attorney Trilogy,phoenix wright ace attorney trilogy,87,phoenix wright ace attorney
455,Divinity: Original Sin II,Divinity: Original Sin (Classic),divinity original sin classic,87,divinity original sin ii
456,Contraband Police,Contraband Police Demo,contraband police demo,87,contraband police
457,FIFA 20,FIFA 22,fifa 22,86,fifa 20
458,Tekken,TEKKEN 7,tekken 7,86,tekken
459,FIFA 21,FIFA 22,fifa 22,86,fifa 21
460,The Legend of Heroes: Kuro no Kiseki,THE LEGEND OF HEROES: HAJIMARI NO KISEKI,the legend of heroes hajimari no kiseki,86,the legend of heroes kuro no kiseki
461,Layers of Fear,Layers of Fear (2016),layers of fear 2016,85,layers of fear
462,Friday the 13th: The Computer Game,Friday the 13th: The Game,friday the 13th the game,84,friday the 13th the computer game
463,Call of Duty: Black Ops Cold War,Call of Duty¬Æ: Black Ops,call of duty black ops,83,call of duty black ops cold war
464,The King of Fighters All-Star,THE KING OF FIGHTERS XV,the king of fighters xv,82,the king of fighters allstar
465,Total War: Rome II,Total War: WARHAMMER II,total war warhammer ii,82,total war rome ii
466,Tomb Raider: Gold,Tomb Raider,tomb raider,81,tomb raider gold
467,Tom Clancy's Rainbow Six Extraction,Tom Clancy's Rainbow Six¬Æ Vegas 2,tom clancy's rainbow six vegas 2,81,tom clancy's rainbow six extraction
468,The Binding of Isaac: Repentance,The Binding of Isaac: Rebirth,the binding of isaac rebirth,81,the binding of isaac repentance
469,DOOM 3,DOOM,doom,80,doom 3
470,The Dark Pictures Anthology: Man of Medan,The Dark Pictures Anthology: House of Ashes,the dark pictures anthology house of ashes,80,the dark pictures anthology man of medan
471,Dragon Ball Z,DRAGON BALL FighterZ,dragon ball fighterz,79,dragon ball z
472,Assassin's Creed Valhalla,Assassin's Creed 2,assassin's creed 2,79,assassin's creed valhalla
473,Call of Duty: Mobile,Call of Duty¬Æ 2,call of duty 2,79,call of duty mobile
474,Sekiro: Shadows Die Twice,Sekiro‚Ñ¢: Shadows Die Twice - GOTY Edition,sekiro shadows die twice goty edition,79,sekiro shadows die twice
475,Vampire: The Masquerade - Swansong,Vampire: The Masquerade - Bloodhunt,vampire the masquerade bloodhunt,79,vampire the masquerade swansong
476,The Dark Pictures Anthology: Little Hope,The Dark Pictures Anthology: House of Ashes,the dark pictures anthology house of ashes,79,the dark pictures anthology little hope
477,Batman: Arkham Asylum,Batman: Arkham City,batman arkham city,79,batman arkham asylum
478,Resident Evil 3: Nemesis,Resident Evil 3,resident evil 3,79,resident evil 3 nemesis
479,Dissidia Final Fantasy NT,DISSIDIA FINAL FANTASY NT Free Edition,dissidia final fantasy nt free edition,79,dissidia final fantasy nt
480,The X-Files,The Isle,the isle,78,the xfiles
481,Underture,Undertale,undertale,78,underture
482,Animal Shelter Simulator,Animal Revolt Battle Simulator,animal revolt battle simulator,78,animal shelter simulator
483,Sword of Legendia,Swords of Legends Online,swords of legends online,78,sword of legendia
484,Stream Pairs,Stream Avatars,stream avatars,77,stream pairs
485,Friday the 13th,Friday the 13th: The Game,friday the 13th the game,77,friday the 13th
486,Apex Legends Mobile,Apex Legends‚Ñ¢,apex legends,77,apex legends mobile
487,Trackmania,Trackmania¬Æ Turbo,trackmania turbo,77,trackmania
488,Darksiders Genesis,Darksiders II,darksiders ii,77,darksiders genesis
489,The Witcher,The Juicer,the juicer,76,the witcher
490,Microsoft Flight Simulator,Microsoft Flight Simulator X: Steam Edition,microsoft flight simulator x steam edition,76,microsoft flight simulator
491,Grand Theft Auto: Liberty City Stories,Grand Theft Auto: Vice City,grand theft auto vice city,76,grand theft auto liberty city stories
492,Metal Gear Solid,METAL GEAR SURVIVE,metal gear survive,76,metal gear solid
493,Call of Duty: Warzone,Call of Duty¬Æ 2,call of duty 2,76,call of duty warzone
494,Resident Evil Outbreak,Resident Evil 2,resident evil 2,76,resident evil outbreak
495,Game Dev Story,Game Dev Tycoon,game dev tycoon,76,game dev story
496,Final Fantasy: Brave Exvius,FINAL FANTASY VI,final fantasy vi,76,final fantasy brave exvius
497,Stoneshard,Stonehearth,stonehearth,76,stoneshard
498,This War of Mine: Final Cut,This War of Mine,this war of mine,76,this war of mine final cut
499,Kingdom Hearts III,Kingdom Heroes 8,kingdom heroes 8,76,kingdom hearts iii
500,DRAGON BALL Z DOKKAN BATTLE,DRAGON BALL Z: KAKAROT,dragon ball z kakarot,75,dragon ball z dokkan battle
501,Devil May Cry 3: Dante's Awakening ‚Äì Special Edition,Devil May Cry 4 Special Edition,devil may cry 4 special edition,75,devil may cry 3 dante's awakening special edition
502,Digimon Story Cyber Sleuth,Digimon Story Cyber Sleuth: Complete Edition,digimon story cyber sleuth complete edition,75,digimon story cyber sleuth
503,Rise of Kingdoms,Rise of Industry,rise of industry,75,rise of kingdoms
504,Dragon Ball Legends,DRAGON BALL XENOVERSE,dragon ball xenoverse,75,dragon ball legends
505,Dissidia Final Fantasy Opera Omnia,DISSIDIA FINAL FANTASY NT Free Edition,dissidia final fantasy nt free edition,75,dissidia final fantasy opera omnia
506,Before The Last Hour,Before the Echo,before the echo,74,before the last hour
507,Call of Duty: Vanguard,Call of Duty¬Æ 2,call of duty 2,74,call of duty vanguard
508,Train Simulator 2022,Train Simulator Classic,train simulator classic,74,train simulator 2022
509,The Cleaner,The Cave,the cave,74,the cleaner
510,Crosswords,CrossCode,crosscode,74,crosswords
511,The Last of Us,The Last Hope,the last hope,74,the last of us
512,Football Cup 2022,Football Manager 2022,football manager 2022,74,football cup 2022
513,"Warhammer 40,000: Space Marine","Warhammer 40,000: Space Marine - Anniversary Edition",warhammer 40000 space marine anniversary edition,74,warhammer 40000 space marine
514,Stream Arenas,Stream Avatars,stream avatars,74,stream arenas
515,Sports,SPORE‚Ñ¢,spore,73,sports
516,Super Mario Bros.,Super Meat Boy,super meat boy,73,super mario bros
517,Slashers,Slasher's Keep,slasher's keep,73,slashers
518,Chrono Cross,Chrono Ark,chrono ark,73,chrono cross
519,Escape Room: The Sick Colleague,Escape Room - Der kranke Kollege,escape room der kranke kollege,73,escape room the sick colleague
520,The Ghost Train,The God's Chain,the god's chain,73,the ghost train
521,The Room,The Room Three,the room three,73,the room
522,Metal Gear Solid 4: Guns of the Patriots,METAL GEAR SOLID V: GROUND ZEROES,metal gear solid v ground zeroes,73,metal gear solid 4 guns of the patriots
523,Life is Strange: True Colors,Life is Strange 2,life is strange 2,73,life is strange true colors
524,Codenames,Codename CURE,codename cure,73,codenames
525,Resident Evil CODE: Veronica,Resident Evil Revelations,resident evil revelations,73,resident evil code veronica
526,Rogue Lords,Rogue Tower,rogue tower,73,rogue lords
527,The King of Fighters '98 Ultimate Match Final Edition,THE KING OF FIGHTERS XIV STEAM EDITION,the king of fighters xiv steam edition,73,the king of fighters '98 ultimate match final edition
528,Rustler,Rust,rust,73,rustler
529,Shadow Hearts,Shadow Arena,shadow arena,72,shadow hearts
530,Plants vs. Zombies,Plants vs. Zombies GOTY Edition,plants vs zombies goty edition,72,plants vs zombies
531,Super Pang,Super Space Pug,super space pug,72,super pang
532,Make It Meme,Make it indie!,make it indie,72,make it meme
533,Dragon's Dogma,Dragon Saga,dragon saga,72,dragon's dogma
534,Rocket League Sideswipe,Rocket League¬Æ,rocket league,72,rocket league sideswipe
535,FIFA 15,FIFA 22,fifa 22,71,fifa 15
536,Retro,Retrowave,retrowave,71,retro
537,The Night of the Scissors,The Culling Of The Cows,the culling of the cows,71,the night of the scissors
538,My Friend Peppa Pig,My Friend Pedro,my friend pedro,71,my friend peppa pig
539,FIFA 99,FIFA 22,fifa 22,71,fifa 99
540,Uncharted: Drake's Fortune,Uncharted Waters Online,uncharted waters online,71,uncharted drake's fortune
541,Nightmare of Decay,Nightmare Reaper,nightmare reaper,71,nightmare of decay
542,Legends of Runeterra,Legend of Mana,legend of mana,71,legends of runeterra
543,Fortnite,Fortified,fortified,71,fortnite
544,FIFA 18,FIFA 22,fifa 22,71,fifa 18
545,The Last of Us Remastered,The Return Home Remastered,the return home remastered,71,the last of us remastered
546,World of Warcraft,World of Warships,world of warships,71,world of warcraft
547,Metal Gear Solid 3: Snake Eater,METAL GEAR SOLID V: GROUND ZEROES,metal gear solid v ground zeroes,71,metal gear solid 3 snake eater
548,Mighty Goose,Mighty No. 9,mighty no 9,70,mighty goose
549,Super Contra,SUPERHOT,superhot,70,super contra
550,Monster Hunter Generations Ultimate,MONSTER HUNTER RISE,monster hunter rise,70,monster hunter generations ultimate
551,Metal Gear Solid 2: Sons of Liberty,METAL GEAR SOLID V: GROUND ZEROES,metal gear solid v ground zeroes,70,metal gear solid 2 sons of liberty
552,BATTLESHIP,BATTLETECH,battletech,70,battleship
553,Dungeons & Dragons,Dungeons & Dragons: Dark Alliance,dungeons dragons dark alliance,70,dungeons dragons
554,Tabletop RPGs,Tabletopia,tabletopia,70,tabletop rpgs
555,Ninjala,Ninja Village,ninja village,70,ninjala
556,The Secret of Monkey Island: Special Edition,The Curse of Monkey Island,the curse of monkey island,70,the secret of monkey island special edition
557,Captain Tsubasa: Dream Team,Captain Tsubasa: Rise of New Champions,captain tsubasa rise of new champions,70,captain tsubasa dream team
558,Stream Games,Stream Avatars,stream avatars,69,stream games
559,Heroes of Newerth,Heroes Of The Dark,heroes of the dark,69,heroes of newerth
560,Metal Gear Acid 2,METAL GEAR SURVIVE,metal gear survive,69,metal gear acid 2
561,Castlevania: Rondo of Blood,Castlevania: Lords of Shadow 2,castlevania lords of shadow 2,69,castlevania rondo of blood
562,Stream Racer,Stream Avatars,stream avatars,69,stream racer
563,The Warriors,The Last Error,the last error,69,the warriors
564,Eternal Edge +,Eternal Return,eternal return,69,eternal edge
565,Destroy All Humans!,Destroy All Humans! 2 - Reprobed Demo,destroy all humans 2 reprobed demo,69,destroy all humans
566,Final Fantasy: Crystal Chronicles,FINAL FANTASY XIV Online,final fantasy xiv online,68,final fantasy crystal chronicles
567,The Legend of Zelda: A Link to the Past,The Legend of Heroes: Trails in the Sky,the legend of heroes trails in the sky,68,the legend of zelda a link to the past
568,The Town of Light,The Tower Of Elements,the tower of elements,68,the town of light
569,Resident Evil Outbreak File #2,Resident Evil 2,resident evil 2,68,resident evil outbreak file 2
570,Need for Speed: Underground 2,Need for Speed‚Ñ¢ Heat,need for speed heat,68,need for speed underground 2
571,Dragon Ball Z: Budokai Tenkaichi 3,DRAGON BALL Z: KAKAROT,dragon ball z kakarot,67,dragon ball z budokai tenkaichi 3
572,Escape From School,Escape From Nazi Labs,escape from nazi labs,67,escape from school
573,Just Dance 2022,Just Cause 2,just cause 2,67,just dance 2022
574,Dark Souls: Remastered,DARK SOULS‚Ñ¢: Prepare To Die‚Ñ¢ Edition,dark souls prepare to die edition,67,dark souls remastered
575,Uncharted 4: A Thief's End,Uncharted Waters Online,uncharted waters online,67,uncharted 4 a thief's end
576,Minit,Mini Metro,mini metro,67,minit
577,Minecraft,Minecraft Dungeons,minecraft dungeons,67,minecraft
578,Winter Ember,Winter Novel,winter novel,67,winter ember
579,Crypto,CryptoMoneya,cryptomoneya,67,crypto
580,Horizon Zero Dawn,Horizon Zero Dawn‚Ñ¢ Complete Edition,horizon zero dawn complete edition,67,horizon zero dawn
581,Super Seducer 2,Super Space Pug,super space pug,67,super seducer 2
582,Escape from Tarkov,Escape From Nazi Labs,escape from nazi labs,67,escape from tarkov
583,Peggle 2,Peggle Deluxe,peggle deluxe,67,peggle 2
584,Super Seducer,Super Mustache,super mustache,67,super seducer
585,Guns Up! Mobile,GUNS UP!,guns up,67,guns up mobile
586,Thief Gold,Thief,thief,67,thief gold
587,Super Mario Odyssey,Super Meat Boy,super meat boy,67,super mario odyssey
588,The Gunk,The Bus,the bus,67,the gunk
589,Assetto Corsa Competizione,Assetto Corsa,assetto corsa,67,assetto corsa competizione
590,Star Citizen,Star Drifter,star drifter,67,star citizen
591,Death Damnation,DEATH STRANDING,death stranding,67,death damnation
592,Fishing Vacation,Fishing Planet,fishing planet,67,fishing vacation
593,The Plan,The Ascent,the ascent,67,the plan
594,Games + Demos,Gamedec,gamedec,67,games demos
595,Metal Mind,METALLIC CHILD,metallic child,67,metal mind
596,Persona 5,Persona¬Æ 5 Strikers,persona 5 strikers,67,persona 5
597,The Lost Vikings,THE LONGING,the longing,67,the lost vikings
598,The Hex,The Isle,the isle,67,the hex
599,The Closing Shift,The Long Drive,the long drive,65,the closing shift
600,League of Legends,League of Angels-Heaven's Fury,league of angelsheaven's fury,65,league of legends
601,Teamfight Tactics,Teamfight Manager,teamfight manager,65,teamfight tactics
602,One Piece: Treasure Cruise,One Piece Pirate Warriors 3,one piece pirate warriors 3,65,one piece treasure cruise
603,60 Seconds!,60 Seconds! Reatomized,60 seconds reatomized,65,60 seconds
604,Super Mario Maker 2,SUPER ROBOT WARS V,super robot wars v,65,super mario maker 2
605,Super Mario World,Super Meat Boy,super meat boy,65,super mario world
606,Mythic Heroes,Myth of Empires,myth of empires,64,mythic heroes
607,Tomb Raider Level Editor,Tomb Raider: Anniversary,tomb raider anniversary,64,tomb raider level editor
608,The Pigeon P,The Bridge,the bridge,64,the pigeon p
609,Never Alone,Nevergrind Online,nevergrind online,64,never alone
610,Alien: Isolation,Alien Shooter,alien shooter,64,alien isolation
611,Last Farewell,Last Evil,last evil,64,last farewell
612,The World Ends with You,The Wonderful End of the World,the wonderful end of the world,64,the world ends with you
613,Just Dance,Just Cause‚Ñ¢ 3,just cause 3,64,just dance
614,Loot River,Loot Hero DX,loot hero dx,64,loot river
615,Super Mario 64,Super Meat Boy,super meat boy,64,super mario 64
616,The Legend of Zelda: The Minish Cap,The Legend of Heroes: Trails in the Sky SC,the legend of heroes trails in the sky sc,64,the legend of zelda the minish cap
617,Until Dawn,Until We Die,until we die,64,until dawn
618,Space Punks,Space Haven,space haven,64,space punks
619,MediEvil,Medieval Mercs,medieval mercs,64,medievil
620,Silent Hill,Silent Hunter¬Æ III,silent hunter iii,64,silent hill
621,On The Road,On the front line,on the front line,64,on the road
622,Super Smash Bros. Melee,Super Animal Royale,super animal royale,63,super smash bros melee
623,Card Game,Card Shark,card shark,63,card game
624,The Lost Vikings 2,The Evil Within 2,the evil within 2,63,the lost vikings 2
625,Mirror Layers,Mirror,mirror,63,mirror layers
626,The Lord of the Rings: The Battle for Middle-earth II,The Lord of the Rings Online‚Ñ¢,the lord of the rings online,63,the lord of the rings the battle for middleearth ii
627,Helldivers,Helltaker,helltaker,63,helldivers
628,The Last of Us Part II,The Last Hope,the last hope,63,the last of us part ii
629,Super Mario Land,Super Animal Royale,super animal royale,63,super mario land
630,Peggle,Peggle Deluxe,peggle deluxe,63,peggle
631,The Legend of Zelda: Breath of the Wild,The Legend of Heroes: Trails of Cold Steel,the legend of heroes trails of cold steel,63,the legend of zelda breath of the wild
632,Night Book,NightZ,nightz,62,night book
633,Chaos on Deponia,Chaos Town,chaos town,62,chaos on deponia
634,Ghost Exile,Ghost Exorcism INC.,ghost exorcism inc,62,ghost exile
635,Alan Wake Remastered,Alan Wake,alan wake,62,alan wake remastered
636,Uncharted 2: Among Thieves,Uncharted Waters Online,uncharted waters online,62,uncharted 2 among thieves
637,Emily Wants To Play,Emily is Away,emily is away,62,emily wants to play
638,The Door in the Basement,The Tower Of Elements,the tower of elements,62,the door in the basement
639,Alien vs Predator,Alien Swarm: Reactive Drop,alien swarm reactive drop,62,alien vs predator
640,Music,Music Racer,music racer,62,music
641,Tormented Souls,Tormentor‚ùåPunisher,tormentorpunisher,62,tormented souls
642,Control,Contagion,contagion,62,control
643,City Guesser,City of Gangsters,city of gangsters,62,city guesser
644,The Serpent Rogue,The Expendabros,the expendabros,62,the serpent rogue
645,GameRoom,GameGuru,gameguru,62,gameroom
646,The Legend of Zelda: Twilight Princess HD,The Legend of Heroes: Trails in the Sky,the legend of heroes trails in the sky,62,the legend of zelda twilight princess hd
647,Zero Escape: Virtue's Last Reward,Zero Escape: Zero Time Dilemma,zero escape zero time dilemma,62,zero escape virtue's last reward
648,Song of Horror,Songs of Syx,songs of syx,62,song of horror
649,Castlevania: Symphony of the Night,Castlevania: Lords of Shadow 2,castlevania lords of shadow 2,61,castlevania symphony of the night
650,Among the Sleep,Among Us,among us,61,among the sleep
651,Pathfinder,Path of Exile,path of exile,61,pathfinder
652,Lost Judgment,Lost Ruins,lost ruins,61,lost judgment
653,Dark Quest: Board Game,Darkest Dungeon¬Æ,darkest dungeon,61,dark quest board game
654,Ghost Master,Ghostrunner,ghostrunner,61,ghost master
655,White Night,White Mirror,white mirror,61,white night
656,Overwatch 2,Overcooked! 2,overcooked 2,61,overwatch 2
657,League of Legends: Wild Rift,League of Angels-Heaven's Fury,league of angelsheaven's fury,61,league of legends wild rift
658,Blaston,BlastZone 2 Demo,blastzone 2 demo,61,blaston
659,Lost Odyssey,Lost Castle / Â§±ËêΩÂüéÂ†°,lost castle,61,lost odyssey
660,Evil Tonight,Evil Genius,evil genius,61,evil tonight
661,Horizon Forbidden West,Horizon Source,horizon source,61,horizon forbidden west
662,Dragon Quest VI: Realms of Revelation,DRAGON QUEST BUILDERS 2 JUMBO DEMO,dragon quest builders 2 jumbo demo,60,dragon quest vi realms of revelation
663,Ring Fit Adventure,Ring of Pain,ring of pain,60,ring fit adventure
664,Sonic.EXE,Sonic Forces,sonic forces,60,sonicexe
665,Tomb Raider III: Adventures of Lara Croft,Tomb Raider: Anniversary,tomb raider anniversary,60,tomb raider iii adventures of lara croft
666,Marbles On Stream,Marble Run 2D,marble run 2d,60,marbles on stream
667,Phantasmagoria,Phantom Doctrine,phantom doctrine,60,phantasmagoria
668,The Mortuary Assistant,ÁöáÂ∏ù‰∏éÁ§æÁ®∑¬∑ËØïÁé©Áâà The Emperor and State,the emperor and state,60,the mortuary assistant
669,Death in the Family,Death Rally,death rally,60,death in the family
670,Drawize,Draw & Guess,draw guess,59,drawize
671,Blood and Bacon,Bloodline Champions,bloodline champions,59,blood and bacon
672,Gods Unchained,Godsbane Idle,godsbane idle,59,gods unchained
673,Death by Degrees,Death Trash,death trash,59,death by degrees
674,The Dark Occult,The Deer God,the deer god,59,the dark occult
675,Super Smash Bros. Ultimate,Super Animal Royale,super animal royale,59,super smash bros ultimate
676,Overwatch,Overture,overture,59,overwatch
677,Don't Be Afraid,Don't Starve,don't starve,59,don't be afraid
678,The Legend of Zelda: Link's Awakening,The Lord of the Rings Online‚Ñ¢,the lord of the rings online,59,the legend of zelda link's awakening
679,The Seven Deadly Sins: Grand Cross,The Walking Dead: Saints & Sinners,the walking dead saints sinners,59,the seven deadly sins grand cross
680,HELLSEED,Helltaker,helltaker,59,hellseed
681,Ultima Online,Ultimate Custom Night,ultimate custom night,59,ultima online
682,Summoners War: Sky Arena,Summer in Mara,summer in mara,59,summoners war sky arena
683,Tower of Fantasy,Tower Unite,tower unite,59,tower of fantasy
684,Warhammer,Warhammer: Vermintide 2,warhammer vermintide 2,58,warhammer
685,The World's Hardest Game,ÁöáÂ∏ù‰∏éÁ§æÁ®∑¬∑ËØïÁé©Áâà The Emperor and State,the emperor and state,58,the world's hardest game
686,.hack//G.U. Vol. 1: Rebirth,.hack//G.U. Last Recode,hackgu last recode,58,hackgu vol 1 rebirth
687,The Inheritance of Crimson Manor,The Binding of Isaac,the binding of isaac,58,the inheritance of crimson manor
688,Sakura Succubus 4,Sakura Clicker,sakura clicker,58,sakura succubus 4
689,Words On Stream,Word Game,word game,58,words on stream
690,Kingdom Hearts HD 1.5 + 2.5 ReMIX,Kingdom Heroes 8,kingdom heroes 8,58,kingdom hearts hd 15 25 remix
691,Marauders,Marauders: Closed Alpha,marauders closed alpha,58,marauders
692,Poppy's Nightmare,Poppy Playtime,poppy playtime,58,poppy's nightmare
693,Uncharted 4: A Thief's End - Remastered,Uncharted Waters Online,uncharted waters online,58,uncharted 4 a thief's end remastered
694,American McGee's Alice,America's Army 3,america's army 3,58,american mcgee's alice
695,Smash Karts,SMASH LEGENDS,smash legends,58,smash karts
696,Brawl Stars,Brawlhalla,brawlhalla,57,brawl stars
697,The House of the Dead: Remake,The Room Three,the room three,57,the house of the dead remake
698,Yu-Gi-Oh! TRADING CARD GAME,Yu-Gi-Oh! Master Duel,yugioh master duel,57,yugioh trading card game
699,Drawy,Drawful 2,drawful 2,57,drawy
700,Gears of War 2,Gears 5,gears 5,57,gears of war 2
701,Rain,Rain World,rain world,57,rain
702,The House of Da Vinci 2,The Curse of Monkey Island,the curse of monkey island,57,the house of da vinci 2
703,Commandos 2 HD Remaster,Command & Conquer‚Ñ¢ Remastered Collection,command conquer remastered collection,57,commandos 2 hd remaster
704,Hearthstone,Hearts of Iron IV,hearts of iron iv,57,hearthstone
705,Makers & Crafting,Make it indie!,make it indie,57,makers crafting
706,The Amulet of AmunRuuUUUN,The face of hope: Underground,the face of hope underground,57,the amulet of amunruuuuun
707,Paper Mario: The Origami King,"Papers, Please - The Short Film",papers please the short film,57,paper mario the origami king
708,Cold House,Cold Waters,cold waters,57,cold house
709,Gears of War 4,Gears 5,gears 5,57,gears of war 4
710,Alien,Alien Shooter,alien shooter,56,alien
711,Spyro the Dragon,Spyro‚Ñ¢ Reignited Trilogy,spyro reignited trilogy,56,spyro the dragon
712,HyperParasite,Hyper Light Drifter,hyper light drifter,56,hyperparasite
713,Super Mario Land 2: 6 Golden Coins,Super Bomberman R Online,super bomberman r online,56,super mario land 2 6 golden coins
714,Metroid: Zero Mission,Metro Exodus,metro exodus,56,metroid zero mission
715,Banned Memories: Yamanashi,Banner of the Maid,banner of the maid,56,banned memories yamanashi
716,Spiritfarer,Spiritfarer¬Æ: Farewell Edition,spiritfarer farewell edition,56,spiritfarer
717,Poker,Poker Night 2,poker night 2,56,poker
718,Ghosts 'n Goblins,Ghost Song Demo,ghost song demo,56,ghosts 'n goblins
719,Whispering Willows,Whispers: Last Hope,whispers last hope,56,whispering willows
720,Amnesia: Rebirth,Amnesia: The Dark Descent,amnesia the dark descent,56,amnesia rebirth
721,Heave Ho,Heavy Rain,heavy rain,56,heave ho
722,Just Chatting,Just Cause‚Ñ¢ 3,just cause 3,56,just chatting
723,Gran Turismo 7,Grand Theft Auto V,grand theft auto v,56,gran turismo 7
724,Epic Fantasy Battle Simulator,Epic Battle Fantasy 4,epic battle fantasy 4,56,epic fantasy battle simulator
725,Alice in Wonderland,Alice: Madness Returns,alice madness returns,55,alice in wonderland
726,Bloodborne,ÂóúË°ÄÂç∞ Bloody Spell,bloody spell,55,bloodborne
727,Guild Wars 2,Guilty Gear X2 #Reload,guilty gear x2 reload,55,guild wars 2
728,Art,Artifact,artifact,55,art
729,PUBG Mobile,PUBG: BATTLEGROUNDS,pubg battlegrounds,55,pubg mobile
730,Watch Parties,Watch_Dogs‚Ñ¢,watchdogs,55,watch parties
731,Tiny Tina's Wonderlands,Tiny and Big: Grandpa's Leftovers,tiny and big grandpa's leftovers,55,tiny tina's wonderlands
732,Samurai Bringer,Samudai,samudai,55,samurai bringer
733,Kingdom Hearts Melody of Memory,Kingdom Heroes 8,kingdom heroes 8,55,kingdom hearts melody of memory
734,The World is Your Weapon,The guard of dungeon,the guard of dungeon,55,the world is your weapon
735,Uncharted 2: Among Thieves Remastered,Uncharted Waters Online,uncharted waters online,54,uncharted 2 among thieves remastered
736,Digimon World 3,Digimon Masters Online,digimon masters online,54,digimon world 3
737,Escape the Ayuwoki,Escape Academy Demo,escape academy demo,54,escape the ayuwoki
738,Magic: The Gathering,Magic: The Gathering - Duels of the Planeswalkers 2012,magic the gathering duels of the planeswalkers 2012,54,magic the gathering
739,Fate/Grand Order,Fate Seeker,fate seeker,54,fategrand order
740,The Wardrobe: Even Better Edition,THE KING OF FIGHTERS XIV STEAM EDITION,the king of fighters xiv steam edition,54,the wardrobe even better edition
741,"Zero Escape: Nine Hours, Nine Persons, Nine Doors",Zero Escape: The Nonary Games,zero escape the nonary games,54,zero escape nine hours nine persons nine doors
742,Prince of Persia: The Sands of Time,Prince of Suburbia - Part 1,prince of suburbia part 1,54,prince of persia the sands of time
743,Fishing Star: World Tour,Fishing Planet,fishing planet,54,fishing star world tour
744,Two Hours One Life,Two Worlds Epic Edition,two worlds epic edition,54,two hours one life
745,Bad End Theater,Bad Rats: the Rats' Revenge,bad rats the rats' revenge,54,bad end theater
746,Jurassic Park,Jurassic World Evolution,jurassic world evolution,54,jurassic park
747,Poker Online - Texas Holdem,Poker Night 2,poker night 2,53,poker online texas holdem
748,Backpack Hero,Backfirewall_ Demo,backfirewall demo,53,backpack hero
749,Saint Seiya: Awakening,Saints Row IV,saints row iv,53,saint seiya awakening
750,BloodRayne 2: Terminal Cut,Bloodstained: Ritual of the Night,bloodstained ritual of the night,53,bloodrayne 2 terminal cut
751,Slime: Isekai Memories,Slime Rancher,slime rancher,53,slime isekai memories
752,The Centennial Case: A Shijima Story,The Drone Racing League Simulator,the drone racing league simulator,53,the centennial case a shijima story
753,Clanfolk,CLANNAD,clannad,53,clanfolk
754,Xenogears,Xenobox VR,xenobox vr,53,xenogears
755,Gran Turismo,Grand Theft Auto V,grand theft auto v,53,gran turismo
756,Firefighting Simulator,Fireworks Mania - An Explosive Simulator,fireworks mania an explosive simulator,53,firefighting simulator
757,Party Hard 2,Party Animals Demo,party animals demo,53,party hard 2
758,Lost Alone Ep.2: Daddy,Lost in Random‚Ñ¢,lost in random,53,lost alone ep2 daddy
759,Evil Dead: The Game,Evil Maze,evil maze,52,evil dead the game
760,King Arthur: Knight's Tale,Kingdoms of Amalur: Reckoning Demo,kingdoms of amalur reckoning demo,52,king arthur knight's tale
761,Gamer Shop Simulator,GameMaker Studio 2 Desktop,gamemaker studio 2 desktop,52,gamer shop simulator
762,In Sound Mind,In Silence,in silence,52,in sound mind
763,Metroid: Other M,Metro: Last Light,metro last light,52,metroid other m
764,Cookie Run: Kingdom,Cooking Witch,cooking witch,52,cookie run kingdom
765,Crime Patrol,CrimeCraft GangWars,crimecraft gangwars,52,crime patrol
766,It's Quiz Time,It's Spring Again,it's spring again,52,it's quiz time
767,They Speak From the Abyss,They Are Billions,they are billions,52,they speak from the abyss
768,Gravity Rush Remastered,Graveyard Keeper,graveyard keeper,51,gravity rush remastered
769,"Animals, Aquariums, and Zoos",Animalia Survival,animalia survival,51,animals aquariums and zoos
770,Big Brain Academy: Brain vs. Brain,Big Bang Empire,big bang empire,51,big brain academy brain vs brain
771,Power Drill Massacre,PowerWash Simulator,powerwash simulator,51,power drill massacre
772,The Lucky Dime Caper starring Donald Duck,The Incredible Adventures of Van Helsing: Final Cut,the incredible adventures of van helsing final cut,51,the lucky dime caper starring donald duck
773,Silent Hill: Homecoming,Silent Hunter¬Æ III,silent hunter iii,51,silent hill homecoming
774,Clone Hero,Clone Drone in the Danger Zone,clone drone in the danger zone,50,clone hero
775,Tricky Towers,Tricolour Lovestory,tricolour lovestory,50,tricky towers
776,Overlord: Escape from Nazarick,Overlord II,overlord ii,50,overlord escape from nazarick
777,Fishing Sim World: Pro Tour,Fishing Planet,fishing planet,50,fishing sim world pro tour
778,Tiny Toon Adventures,Tiny and Big: Grandpa's Leftovers,tiny and big grandpa's leftovers,50,tiny toon adventures
779,BombParty,Bomber Crew,bomber crew,50,bombparty
780,Them and Us,Them's Fightin' Herds,them's fightin' herds,50,them and us
781,Bully,Bulletstorm,bulletstorm,50,bully
782,Gran Turismo Sport,Granado Espada,granado espada,50,gran turismo sport
783,Just Ignore Them: Brea's Story Tape 1,Just Survive Test Server,just survive test server,50,just ignore them brea's story tape 1
784,Circuit Superstars,Circle Empires,circle empires,50,circuit superstars
785,Wildcat Gun Machine,Wild Terra 2: New Lands,wild terra 2 new lands,49,wildcat gun machine
786,Fears to Fathom: Home Alone,F.E.A.R. Online,fear online,49,fears to fathom home alone
787,Golf Club: Wasteland,Golf With Your Friends,golf with your friends,49,golf club wasteland
788,League Challenge,League of Angels-Heaven's Fury,league of angelsheaven's fury,49,league challenge
789,FRIDAY NIGHT FUNKIN',Friday the 13th: Killer Puzzle,friday the 13th killer puzzle,49,friday night funkin'
790,Hold Fast,Hold your houses,hold your houses,48,hold fast
791,Animal Crossing: New Horizons,Animal Shelter,animal shelter,48,animal crossing new horizons
792,Anime Music Quiz,Animalia Survival,animalia survival,48,anime music quiz
793,Saint Seiya Awakening : KOTZ,Saints Row: The Third,saints row the third,48,saint seiya awakening kotz
794,Model Builder,Modern Combat Versus,modern combat versus,48,model builder
795,Quiplash 2 InterLASHional,Quiplash,quiplash,48,quiplash 2 interlashional
796,Mists of Aiden,Mist Legacy,mist legacy,48,mists of aiden
797,Astral Chain,Astro Emporia,astro emporia,48,astral chain
798,Deathtrap Dungeon: The Golden Room,DEATH STRANDING DIRECTOR'S CUT,death stranding director's cut,48,deathtrap dungeon the golden room
799,SinsFromGod 2,Sins Of The Demon RPG,sins of the demon rpg,47,sinsfromgod 2
800,Super Mario RPG: Legend of the Seven Stars,SUPER ROBOT WARS V,super robot wars v,47,super mario rpg legend of the seven stars
801,Project Nightmares Case 36: Henrietta Kedward,Project Highrise,project highrise,47,project nightmares case 36 henrietta kedward
802,Epic Chef,Epic Battle Fantasy 4,epic battle fantasy 4,47,epic chef
803,Demon's Souls,‰∫∫Ê†ºËß£‰Ωì Demo,demo,47,demon's souls
804,Sonic the Hedgehog,Sonic Forces,sonic forces,47,sonic the hedgehog
805,FANTASIAN,Fantasy Grounds Unity,fantasy grounds unity,47,fantasian
806,Live for Speed,Liveza: Death of the Earth,liveza death of the earth,46,live for speed
807,Stranger of Paradise: Final Fantasy Origin,Strange Horticulture,strange horticulture,46,stranger of paradise final fantasy origin
808,Octopath Traveler,Octodad: Dadliest Catch,octodad dadliest catch,46,octopath traveler
809,Lost Alone EP.1: Little Sister,Lost Castle / Â§±ËêΩÂüéÂ†°,lost castle,46,lost alone ep1 little sister
810,Liftoff,Liftoff: FPV Drone Racing,liftoff fpv drone racing,45,liftoff
811,Special Events,Spec Ops: The Line,spec ops the line,45,special events
812,SimCity,SimCity‚Ñ¢ 4 Deluxe Edition,simcity 4 deluxe edition,45,simcity
813,Returnal,Return of the Obra Dinn,return of the obra dinn,45,returnal
814,Taiko no Tatsujin: The Drum Master!,Taiko Risshiden V DX,taiko risshiden v dx,45,taiko no tatsujin the drum master
815,Sisters Royale: Five Sisters Under Fire,Sisters in hotel,sisters in hotel,44,sisters royale five sisters under fire
816,TETRIS 99,Tetris¬Æ Effect: Connected,tetris effect connected,44,tetris 99
817,Fishing Sim World: Bass Pro Shops Edition,Fishing Planet,fishing planet,44,fishing sim world bass pro shops edition
818,Xenoblade Chronicles 2,Xenobox VR,xenobox vr,44,xenoblade chronicles 2
819,She Sees Red,She Will Punish Them,she will punish them,44,she sees red
820,WWE 2K Battlegrounds,WWE 2K16,wwe 2k16,43,wwe 2k battlegrounds
821,Perseverance: Part 1,Persona 4 Arena Ultimax,persona 4 arena ultimax,43,perseverance part 1
822,Perseverance: Part 2,Persona 4 Arena Ultimax,persona 4 arena ultimax,43,perseverance part 2
823,Pac-Man World,PAC-MAN‚Ñ¢ Championship Edition DX+,pacman championship edition dx,43,pacman world
824,Atomicrops,ATOM RPG Trudograd,atom rpg trudograd,43,atomicrops
825,"Pools, Hot Tubs, and Beaches",Pool 2D - Poolians,pool 2d poolians,43,pools hot tubs and beaches
826,Jackbox Party Packs,Jack Orlando: Director's Cut,jack orlando director's cut,43,jackbox party packs
827,Warpath: Jurassic Park,Warpips,warpips,43,warpath jurassic park
828,G.O.D: Mezame Yo to Yobu Koe ga Kikoe,GOD EATER 2 Rage Burst,god eater 2 rage burst,43,god mezame yo to yobu koe ga kikoe
829,Genshin Impact,Gensokyo Night Festival,gensokyo night festival,43,genshin impact
830,Business Tour,Business Tour - Board Game with Online Multiplayer,business tour board game with online multiplayer,43,business tour
831,WWE SmackDown! vs. Raw 2006,WWE 2K20,wwe 2k20,42,wwe smackdown vs raw 2006
832,WWE SmackDown vs. Raw 2007,WWE 2K20,wwe 2k20,42,wwe smackdown vs raw 2007
833,Outward,Outward Definitive Edition,outward definitive edition,42,outward
834,Tiny Room Stories: Town Mystery,Tiny and Big: Grandpa's Leftovers,tiny and big grandpa's leftovers,42,tiny room stories town mystery
835,Dinosaur Fossil Hunter,Dino Run DX,dino run dx,42,dinosaur fossil hunter
836,Kind Words,Kindergarten 2,kindergarten 2,42,kind words
837,Live Bingo,Live2DViewerEX,live2dviewerex,42,live bingo
838,Riverbond,River City Ransom: Underground,river city ransom underground,42,riverbond
839,WWE SmackDown vs. Raw 2009,WWE 2K20,wwe 2k20,42,wwe smackdown vs raw 2009
840,Crimesight,CrimeCraft GangWars,crimecraft gangwars,41,crimesight
841,TETR.IO,Tetris¬Æ Effect: Connected,tetris effect connected,41,tetrio
842,No More Heroes III,No Man's Sky,no man's sky,40,no more heroes iii
843,Politics,Police Simulator: Patrol Officers,police simulator patrol officers,40,politics
844,Beauty & Body Art,Beautiful Mystic Survivors Demo,beautiful mystic survivors demo,39,beauty body art
845,Lonely Mountains: Downhill,Lone Leader,lone leader,39,lonely mountains downhill
846,Truck Simulator 2,Truck Mechanic: Dangerous Paths - Prologue,truck mechanic dangerous paths prologue,39,truck simulator 2
847,Hard West 2,Hardspace: Shipbreaker,hardspace shipbreaker,38,hard west 2
848,Agar.io,Agarest: Generations of War,agarest generations of war,38,agario
849,Spike Volleyball,Spikit,spikit,36,spike volleyball
850,Holdfast: Nations At War,Hold your houses,hold your houses,36,holdfast nations at war
851,Scream Go Hero: Eighth Note,Screeps: World,screeps world,36,scream go hero eighth note
852,Outwars,Outward Definitive Edition,outward definitive edition,36,outwars
853,White Day: A Labyrinth Named School,White Mirror,white mirror,35,white day a labyrinth named school
854,Tourist Bus Simulator,Tour de France 2022,tour de france 2022,35,tourist bus simulator
855,Bugs Bunny & Taz: Time Busters,Bugsnax,bugsnax,35,bugs bunny taz time busters
856,Parasite Eve II,Paranormal Psychosis,paranormal psychosis,34,parasite eve ii
857,Judgment,Judgment: Apocalypse Survival Simulation,judgment apocalypse survival simulation,34,judgment
858,NieR: Automata,NieR Replicant‚Ñ¢ ver.1.22474487139...,nier replicant ver122474487139,33,nier automata
859,Shattered: Tale of the Forgotten King,Shatter,shatter,33,shattered tale of the forgotten king
860,Xenoblade Chronicles: Definitive Edition,Xenobox VR,xenobox vr,33,xenoblade chronicles definitive edition
861,Solasta: Crown of the Magister,Solarix,solarix,33,solasta crown of the magister
862,Nioh,Nioh: Complete Edition,nioh complete edition,32,nioh
863,Xenoverse: Per Aspera Ad Astra,Xenobox VR,xenobox vr,31,xenoverse per aspera ad astra
864,WWE SLAM: Card Trader,WWE 2K16,wwe 2k16,29,wwe slam card trader
865,Pocket Monsters Diamond & Pearl: Pok√©mon wo Sagase! Meiro de Daib≈çken!,Pocket Academy,pocket academy,28,pocket monsters diamond pearl pok√©mon wo sagase meiro de daibken
866,Pok√©mon Trading Card Game Online,,,,pok√©mon trading card game online
867,Dante's Inferno,,,,dante's inferno
868,V696,,,,v696
869,Legacy of Kain: Defiance,,,,legacy of kain defiance
870,Sensible World of Soccer,,,,sensible world of soccer
871,Cafe Owner Simulator,,,,cafe owner simulator
872,Dodonpachi Resurrection,,,,dodonpachi resurrection
873,Bingo,,,,bingo
874,Embr,,,,embr
875,Yomawari: Night Alone,,,,yomawari night alone
876,Hatoful Boyfriend,,,,hatoful boyfriend
877,Scribble It!,,,,scribble it
878,Dwarfenstein,,,,dwarfenstein
879,Pupperazzi,,,,pupperazzi
880,Harry Potter and the Sorcerer's Stone,,,,harry potter and the sorcerer's stone
881,Eyes - The Horror Game,,,,eyes the horror game
882,Pok√©mon Scarlet,,,,pok√©mon scarlet
883,Salt and Sanctuary,,,,salt and sanctuary
884,Quiz It,,,,quiz it
885,Shin Megami Tensei V,,,,shin megami tensei v
886,Salt and Sacrifice,,,,salt and sacrifice
887,Fitness & Health,,,,fitness health
888,Harvest Days: My Dream Farm,,,,harvest days my dream farm
889,Turnip Boy Commits Tax Evasion,,,,turnip boy commits tax evasion
890,Echoes of Mana,,,,echoes of mana
891,Duel Masters,,,,duel masters
892,What The Dub?!,,,,what the dub
893,Wario Land: Super Mario Land 3,,,,wario land super mario land 3
894,Blankos Block Party,,,,blankos block party
895,Aero Fighters 2,,,,aero fighters 2
896,STASIS,,,,stasis
897,Best Month Ever!,,,,best month ever
898,Later Alligator,,,,later alligator
899,Kena: Bridge of Spirits,,,,kena bridge of spirits
900,Pok√©mon Emerald,,,,pok√©mon emerald
901,Board Game Online,,,,board game online
902,Prey,,,,prey
903,Mario Kart Wii,,,,mario kart wii
904,Mom Hid My Game!,,,,mom hid my game
905,Mario Kart 8 Deluxe,,,,mario kart 8 deluxe
906,Cotton Fantasy,,,,cotton fantasy
907,Twitch,,,,twitch
908,Electronica,,,,electronica
909,Pok√©mon Omega Ruby/Alpha Sapphire,,,,pok√©mon omega rubyalpha sapphire
910,Godlike Burger,,,,godlike burger
911,Zwei: The Ilvard Insurrection,,,,zwei the ilvard insurrection
912,Courage the Cowardly Dog: Hell Bound Hound,,,,courage the cowardly dog hell bound hound
913,S4 League,,,,s4 league
914,Kahoot!,,,,kahoot
915,"Haiku, the Robot",,,,haiku the robot
916,Rakuen,,,,rakuen
917,Lydia,,,,lydia
918,Splatoon 2,,,,splatoon 2
919,Clash of Clans,,,,clash of clans
920,Inazuma Eleven GO Strikers 2013,,,,inazuma eleven go strikers 2013
921,Stick Fight: The Game,,,,stick fight the game
922,Choice Chamber,,,,choice chamber
923,Scribblenauts Unlimited,,,,scribblenauts unlimited
924,skribbl.io,,,,skribblio
925,Jak and Daxter: The Precursor Legacy,,,,jak and daxter the precursor legacy
926,Gartic Show,,,,gartic show
927,Water Polo,,,,water polo
928,Slots,,,,slots
929,Gladiator Guild Manager,,,,gladiator guild manager
930,GeoGuess,,,,geoguess
931,ObsCure,,,,obscure
932,Crash Team Racing Nitro-Fueled,,,,crash team racing nitrofueled
933,Crash Bandicoot 2: Cortex Strikes Back,,,,crash bandicoot 2 cortex strikes back
934,Viewergames Arcade,,,,viewergames arcade
935,I am Bread,,,,i am bread
936,Maid of Sker,,,,maid of sker
937,Jak II,,,,jak ii
938,Tr√ºberbrook,,,,tr√ºberbrook
939,Clash Mini,,,,clash mini
940,Role Player: Full Immersion,,,,role player full immersion
941,Ikai,,,,ikai
942,Ratchet & Clank: Rift Apart,,,,ratchet clank rift apart
943,STG Shmups,,,,stg shmups
944,Quiz Kit,,,,quiz kit
945,Blair Witch,,,,blair witch
946,Pok√©mon Red,,,,pok√©mon red
947,A Girls Fabric Face,,,,a girls fabric face
948,Hanako | Ëä±Â≠ê„Åï„Çì,,,,hanako
949,Hitchhiker,,,,hitchhiker
950,Chess,,,,chess
951,2Dark,,,,2dark
952,Arknights,,,,arknights
953,Agatha Christie: And Then There Were None,,,,agatha christie and then there were none
954,At Dead Of Night,,,,at dead of night
955,Is Simon There?,,,,is simon there
956,Nitroplus Blasterz: Heroines Infinite Duel,,,,nitroplus blasterz heroines infinite duel
957,ASMR,,,,asmr
958,Condemned 2: Bloodshot,,,,condemned 2 bloodshot
959,Satan's puzzle 666,,,,satan's puzzle 666
960,Raid: Shadow Legends,,,,raid shadow legends
961,Ripper,,,,ripper
962,Tattoo Mania,,,,tattoo mania
963,Young Souls,,,,young souls
964,Clash Royale,,,,clash royale
965,My Child: Lebensborn,,,,my child lebensborn
966,Coffee Talk,,,,coffee talk
967,Wii Sports Resort,,,,wii sports resort
968,Gartic,,,,gartic
969,Crash Bandicoot: The Wrath of Cortex,,,,crash bandicoot the wrath of cortex
970,Horror Story,,,,horror story
971,Werewolf: The Apocalypse - Earthblood,,,,werewolf the apocalypse earthblood
972,Pok√©mon Brilliant Diamond/Shining Pearl,,,,pok√©mon brilliant diamondshining pearl
973,Ludomania,,,,ludomania
974,Aztech Forgotten Gods,,,,aztech forgotten gods
975,Crash Bandicoot 4: It's About Time,,,,crash bandicoot 4 it's about time
976,Pok√©mon FireRed/LeafGreen,,,,pok√©mon fireredleafgreen
977,Getting Over It,,,,getting over it
978,Legacy of Kain: Soul Reaver 2,,,,legacy of kain soul reaver 2
979,I'm on Observation Duty 5,,,,i'm on observation duty 5
980,Harry Potter and the Goblet of Fire,,,,harry potter and the goblet of fire
981,AI Battle Royale Generator,,,,ai battle royale generator
982,Still Life,,,,still life
983,Bingo On Stream,,,,bingo on stream
984,Professor Layton and the Curious Village,,,,professor layton and the curious village
985,Casino Slot Machine,,,,casino slot machine
986,Crash Team Racing,,,,crash team racing
987,Software and Game Development,,,,software and game development
988,Talk Shows & Podcasts,,,,talk shows podcasts
989,Hylics,,,,hylics
990,Echo Arena,,,,echo arena
991,Haxball,,,,haxball
992,Forlorn,,,,forlorn
993,Gartic Phone,,,,gartic phone
994,Reminiscence,,,,reminiscence
995,Bee Simulator,,,,bee simulator
996,LOLBeans.io,,,,lolbeansio
997,Crash Bandicoot: Warped,,,,crash bandicoot warped
998,Kaiju Wars,,,,kaiju wars
999,Nun Massacre,,,,nun massacre
1000,Br√ºtal Legend,,,,br√ºtal legend
1001,Suspects: Mystery Mansion,,,,suspects mystery mansion
1002,Pok√©mon Black Version 2,,,,pok√©mon black version 2
1003,Mario & Luigi: Bowser's Inside Story + Bowser Jr.'s Journey,,,,mario luigi bowser's inside story bowser jr's journey
1004,Pok√©mon Black/White Version 2,,,,pok√©mon blackwhite version 2
1005,Olympic Games Tokyo 2020: The Official Video Game,,,,olympic games tokyo 2020 the official video game
1006,Nippon Marathon,,,,nippon marathon
1007,Thymesia,,,,thymesia
1008,Subway Surfers,,,,subway surfers
1009,GeoGuessr,,,,geoguessr
1010,Pok√©mon Community Game,,,,pok√©mon community game
1011,Carmageddon II: Carpocalypse Now,,,,carmageddon ii carpocalypse now
1012,Sundered,,,,sundered
1013,TV Station Manager,,,,tv station manager
1014,Seterra,,,,seterra
1015,Travel & Outdoors,,,,travel outdoors
1016,Horror Story: Hallowseed,,,,horror story hallowseed
1017,Stopots,,,,stopots
1018,Casino,,,,casino
1019,Pok√©mon Showdown,,,,pok√©mon showdown
1020,Diablo II: Resurrected,,,,diablo ii resurrected
1021,Rec Room,,,,rec room
1022,Identity V,,,,identity v
1023,Klonoa,,,,klonoa
1024,Pok√©mon Gold,,,,pok√©mon gold
1025,Trek to Yomi,,,,trek to yomi
1026,I'm on Observation Duty,,,,i'm on observation duty
1027,Kirby and the Forgotten Land,,,,kirby and the forgotten land
1028,Gartic.io,,,,garticio
1029,Say No! More,,,,say no more
1030,Quordle,,,,quordle
1031,A Plague Tale: Innocence,,,,a plague tale innocence
1032,Retail Royale,,,,retail royale
1033,Crash Bandicoot,,,,crash bandicoot
1034,Rescue Party: Live!,,,,rescue party live
1035,I'm Only Sleeping,,,,i'm only sleeping
1036,Pok√©mon Unite,,,,pok√©mon unite
1037,Pok√©mon HeartGold/SoulSilver,,,,pok√©mon heartgoldsoulsilver
1038,Slender: The Arrival,,,,slender the arrival
1039,Furi,,,,furi
1040,Prehistoric Kingdom,,,,prehistoric kingdom
1041,Kukoro: Stream Chat Games,,,,kukoro stream chat games
1042,Achilles: Legends Untold,,,,achilles legends untold
1043,Cosplay Maker,,,,cosplay maker
1044,Onimusha: Warlords,,,,onimusha warlords
1045,Pok√©mon Colosseum,,,,pok√©mon colosseum
1046,ALTF4,,,,altf4
1047,Pwnk,,,,pwnk
1048,Briscola,,,,briscola
1049,Teocida,,,,teocida
1050,Nintendo Switch Sports,,,,nintendo switch sports
1051,Vesper,,,,vesper
1052,Ben and Ed - Blood Party,,,,ben and ed blood party
1053,Dislyte,,,,dislyte
1054,Hay Day,,,,hay day
1055,Enslaved: Odyssey to the West,,,,enslaved odyssey to the west
1056,Patapon,,,,patapon
1057,Trials Fusion,,,,trials fusion
1058,Saw,,,,saw
1059,Slither.io,,,,slitherio
1060,Quattro chiacchiere,,,,quattro chiacchiere
1061,Krunker,,,,krunker
1062,Warzone,,,,warzone
1063,Sorare,,,,sorare
1064,Kentucky Route Zero,,,,kentucky route zero
1065,Pok√©mon X/Y,,,,pok√©mon xy
1066,Lady in a Leotard With a Gun,,,,lady in a leotard with a gun
1067,Detroit: Become Human,,,,detroit become human
1068,JANITOR BLEEDS,,,,janitor bleeds
1069,Quiz Show,,,,quiz show
1070,Who Wants to Be a Millionaire,,,,who wants to be a millionaire
1071,Board Games,,,,board games
1072,Pok√©mon Sword/Shield,,,,pok√©mon swordshield
1073,Twister,,,,twister
1074,Pinturillo 2,,,,pinturillo 2
1075,Pok√©mon Legends: Arceus,,,,pok√©mon legends arceus
1076,Sifu,,,,sifu
1077,WarioWare: Get It Together!,,,,warioware get it together
1078,Teenage Mutant Ninja Turtles,,,,teenage mutant ninja turtles
1079,Food & Drink,,,,food drink
1080,Tender,,,,tender
1081,Pok√©mon XD: Gale of Darkness,,,,pok√©mon xd gale of darkness
1082,Pull Stay,,,,pull stay
1083,Ratchet & Clank,,,,ratchet clank
1084,Follia ‚Äì Dear Father,,,,follia dear father
1085,Science & Technology,,,,science technology
1086,Garena Free Fire,,,,garena free fire
1087,Trials Rising,,,,trials rising
1088,Haunt Chaser,,,,haunt chaser
1089,Darts,,,,darts
1090,Splatoon,,,,splatoon
1091,Harry Potter and the Half-Blood Prince,,,,harry potter and the halfblood prince
1092,Mario Party Superstars,,,,mario party superstars
1093,Martha Is Dead,,,,martha is dead
1094,Clubhouse Games: 51 Worldwide Classics,,,,clubhouse games 51 worldwide classics
1095,Bonbon,,,,bonbon
1096,osu!,,,,osu
1097,Pok√©mon Ultra Sun,,,,pok√©mon ultra sun
1098,Windbound,,,,windbound
1099,while True: learn(),,,,while true learn
1100,Roblox,,,,roblox
1101,Alone in the Dark 3,,,,alone in the dark 3
1102,"Pok√©mon: Let's Go, Pikachu!",,,,pok√©mon let's go pikachu
1103,It Steals,,,,it steals
1104,ElecHead,,,,elechead
1105,Tangle Tower,,,,tangle tower
1106,Dealer's Life 2,,,,dealer's life 2
1107,Cry of Fear,,,,cry of fear
1108,Mario Tennis Aces,,,,mario tennis aces
1109,Wii Fit U,,,,wii fit u
1110,Diablo III,,,,diablo iii
1111,Higurashi: When They Cry,,,,higurashi when they cry
1112,Talk To Me,,,,talk to me
1113,A Memoir Blue,,,,a memoir blue
1114,Pok√©mon Crystal,,,,pok√©mon crystal
1115,Triangle Strategy,,,,triangle strategy
1116,Pok√©mon GO,,,,pok√©mon go
1117,Pok√©mon Mystery Dungeon: Rescue Team DX,,,,pok√©mon mystery dungeon rescue team dx
1118,Mario Kart 64,,,,mario kart 64
1119,Omen Exitio: Plague,,,,omen exitio plague
1120,Pok√©mon Black/White,,,,pok√©mon blackwhite
1121,Limbo,,,,limbo
1122,Harry Potter and the Order of the Phoenix,,,,harry potter and the order of the phoenix
1123,Pok√©mon Platinum,,,,pok√©mon platinum
1124,Demeo,,,,demeo
1125,Reaction,,,,reaction
1126,F1 Manager 2022,,,,f1 manager 2022
1127,VALORANT,,,,valorant
1128,Prezzemolo in una Giornata da Incubo,,,,prezzemolo in una giornata da incubo
1129,ev.io,,,,evio
1130,What Remains of Edith Finch,,,,what remains of edith finch
1131,ObsCure II,,,,obscure ii
1132,Pok√©mon Trading Card Game,,,,pok√©mon trading card game
1133,Occult,,,,occult
1134,Infernax,Inferna,inferna,,infernax
1135,Spellbreaker,Spellbreak,spellbreak,,spellbreaker
1136,Cyber Hunter,Cyberhunt,cyberhunt,,cyber hunter
1137,Expedition Zero,Expeditions: Rome,expeditions rome,,expedition zero
1138,Crossfire X,Crosshair X,crosshair x,,crossfire x
1139,Heroes of the Storm,Heroes Of The Dark,heroes of the dark,,heroes of the storm
1140,Virtual Casino,VirtualCast,virtualcast,,virtual casino
1141,Speedrun,SpeedRunners,speedrunners,,speedrun
1142,Kingdom Hearts,Kingdom Heroes 8,kingdom heroes 8,,kingdom hearts
1143,F1 2021,,,,f1 2021
